"id","body_len","interval_fir_ans","interval_acc_ans"
"52953357","749","20719940","20719940"
"53614077","1915","29918844",
"54176763","923","4859","4859"
"54242014","201","51058220",
"54310050","462","3452700",
"54483260","2024","69946","69946"
"54503807","2352","12102",
"55110729","432","7345","16303559"
"55657835","474","2328","15196530"
"55689140","508","490351",
"55889914","772","61631","10034816"
"56030316","1634","3768883",
"56435547","1043","1425200","2135289"
"56600686","751","1038827",
"56726429","1402","5253971",
"57115520","789","2650890","2650890"
"57154156","1195",,
"57498605","1972","2345506","2345506"
"57503578","1102","3042019",
"57509118","2245","77614","77614"
"57510530","1905","26729",
"57535226","843","510239","510239"
"57549222","1166","2697237",
"57549439","457","0","0"
"57549851","814","18291","18291"
"57570355","2455","64851","64851"
"57583915","406","5444",
"57597367","3603","385094","385094"
"57612428","768","37612",
"57639507","1958","1651","1651"
"57683827","375","14309","14309"
"57683943","385","60252","60252"
"57685065","210","102002","102002"
"57687369","756","2067120",
"57694335","2324","75141","75141"
"57695362","235","1087814","1087814"
"57699839","348","13660","1254318"
"57711558","2270","1721081",
"57715637","514","30747",
"57719605","1082","754310","754310"
"57720484","1609","1195","1195"
"57741805","506","17049","17049"
"57792224","3238","6309603","6309603"
"57797061","591",,
"57806624","1226","824","824"
"57808152","906","130682","6936013"
"57810623","640","21844","21844"
"57813416","1076","6123","6123"
"57819539","808","1034749","1034749"
"57822227","699","57224","57224"
"57827703","1742","59181","62137"
"57830375","844","3713033","3713033"
"57835401","599","1168","1168"
"57839505","2840","45928",
"57839795","772","16689","16689"
"57850553","842","845920","845920"
"57860886","800","12657","12657"
"57871211","1529","244520",
"57886790","2249","666081",
"57889622","740","597935",
"57889719","2043","764246","764246"
"57903836","734","11662","11662"
"57912257","2313","30400436",
"57914734","722","386727",
"57915791","5809","498894",
"57916983","458","3588","6455"
"57921401","2029","61797","2769738"
"57927115","548","3351","3351"
"57946173","507","19141","19141"
"57963374","449","103138","103138"
"57965588","315","1366","1366"
"57968497","577","4589","4589"
"57975340","1403","64041","64041"
"57982945","825","99468","99468"
"57989481","297","36006",
"57989790","3904","88633","33679200"
"57990670","1175","6839","6839"
"58018179","389","57453","57453"
"58025217","2761","3053","3053"
"58026218","1014","19472248",
"58033366","249","8010","10818"
"58035886","398","819",
"58061430","327","6317","6317"
"58065468","831","268857","268857"
"58072123","980","9465",
"58084016","443",,
"58118395","1533","32763","474957"
"58125659","1429","398812","398812"
"58131021","1545","6263",
"58136102","721","2336","2336"
"58137141","2096","587608","781949"
"58139175","1020","21980","21980"
"58139406","838","22541",
"58177786","382","3071","3071"
"58181236","1525","1293204","2929903"
"58184822","572","71742","71742"
"58214572","1647","17166812","17166812"
"58221321","426","4038","4038"
"58222386","1022","49384","49384"
"58226636","2171","36685","36685"
"58226756","1922","1032","20836"
"58242357","1931","11590","11590"
"58254332","638","39716416",
"58257140","918","641","641"
"58257891","645","313821",
"58281558","232","2677",
"58281736","1278",,
"58282791","487","305","305"
"58283362","11864","158245","158245"
"58290195","562",,
"58307570","1035","43807","43807"
"58311847","224","32388",
"58318057","3012","86367","86367"
"58338425","1301","1426",
"58342284","656","3593678",
"58347469","322","16493","16493"
"58347746","832","0","0"
"58350578","679","206","206"
"58352402","1878","2163","2163"
"58353392","247","758","758"
"58362374","3760","841",
"58373698","217","696","696"
"58423725","1113","9050","9050"
"58430182","845","906",
"58457140","1196","18146",
"58465057","490","29332","29332"
"58467939","757","65654","65654"
"58468495","1507","7476","7476"
"58475748","499","21316","21316"
"58476228","1419","25626",
"58483954","1087","1132","1132"
"58489875","1108","4115",
"58516181","1315","1426","44051"
"58559074","2111","2147",
"58597010","404","13222","13222"
"58608659","958","448897",
"58611841","240","1207625","1207625"
"58620684","388","740","740"
"58630097","1674","39463","39463"
"58643905","2035","95919","95919"
"58654530","190","5374",
"58675200","2157","14339","14339"
"58687814","754","274",
"58694624","1196","1059","1059"
"58696291","176","16995",
"58721838","668","321","321"
"58724883","1427","431","431"
"58737785","1742","20739","12152515"
"58738070","4680","69069","403748"
"58738351","1360","14187","14187"
"58750758","1686","296642","296642"
"58758205","238","57746",
"58766278","1671","278445","278445"
"58771701","809","681423",
"58789808","993","3950398",
"58798886","603","6760","6760"
"58799342","2062",,
"58808690","1675","18676","67440"
"58822380","235","28748","28748"
"58849770","1756","1248","1248"
"58858429","1980","2891","2891"
"58858629","2437","5852","5852"
"58860769","181","36274",
"58861573","1255","100778",
"58862864","1458","31183",
"58871955","2429","1214618",
"58877569","184","27728",
"58883811","1321","566183",
"58884408","1323","3614429",
"58886293","911","461","461"
"58894197","561","162484",
"58895283","767","13505","13505"
"58899171","1850","7804","7804"
"58899239","382","11167300","18338268"
"58903378","3503","75448","75448"
"58912698","1532","0","0"
"58913512","291","2424543","10085646"
"58920140","3027","20706","20706"
"58921029","1311","11880684","11880684"
"58930529","2299","49319","49319"
"58933155","1035","11312","19933304"
"58933795","1068","125418",
"58934735","7285","30992","30992"
"58934903","1430","96505","96505"
"58938153","1222","58791","58791"
"58947282","702","8700",
"58954246","1974",,
"58955206","525","886467",
"58955637","1614","45706","45706"
"58955666","468","3841","3841"
"58970478","495","83658",
"58975112","1106","2608",
"58975181","2670","6920","6920"
"58976112","1369","4617","78058"
"58979125","1225","4889","4889"
"58981442","2891","13849311",
"58987363","1501",,
"58993206","541","120924","120924"
"58997638","1280","7141620","7141620"
"59002555","737","4984","4984"
"59004102","430","2926","2926"
"59010890","758",,
"59016639","917","210",
"59020994","2029","27865",
"59028844","552","23761736",
"59038991","314","0",
"59046480","1885","2650","2650"
"59049312","313",,
"59052527","272","60137",
"59056787","680","79586",
"59060710","2534","164090",
"59073731","318","8625","8625"
"59073850","304","58614",
"59073941","515","5900518","5900518"
"59077079","793","5771","17536818"
"59086443","336","496868","496868"
"59086799","895","459","20058"
"59087777","498","30613",
"59090929","1217","17363","17363"
"59091575","357","188542",
"59091854","1227","889520",
"59093341","1221","352",
"59095635","1672","8602",
"59111746","8592","37649",
"59117686","621","2613569","2613569"
"59126442","3653","1571","1571"
"59127258","1638","8234","8234"
"59129208","288","2229385","2229385"
"59137962","1073","18566","18566"
"59142387","1810","937564","937564"
"59143065","1338","58661","58661"
"59145302","2732","5913","5913"
"59166099","474","899","81732"
"59169648","504","71382","71382"
"59175332","1456","16607","16607"
"59180385","1448","349","349"
"59180854","992","2969","2969"
"59184288","652","8031","8031"
"59184730","2072","4717","4717"
"59189482","12418",,
"59191913","735","34074","34074"
"59201839","1818","0","0"
"59203704","594","699",
"59207134","1813","563",
"59209383","2667","31314","31314"
"59219569","905","5462","5462"
"59219929","788",,
"59221104","863",,
"59223764","4665",,
"59228874","580","916","15562"
"59230600","1641","17279","17279"
"59230841","489","16359","16359"
"59234655","1336","35987","611855"
"59236611","2208","52181","52181"
"59240304","598","26651",
"59240365","2264","4620004",
"59240520","361","22501","22501"
"59241249","250","4543827",
"59251404","280",,
"59259783","1481","3387292",
"59261555","1285","1197364",
"59265856","1960",,
"59268491","2498","10406","10406"
"59269850","1471","36887","36887"
"59271919","3759","0",
"59272661","1584",,
"59276447","656","22295",
"59277387","1298",,
"59288971","929","13473242",
"59295795","1172","0",
"59302035","1518","28895","28895"
"59306013","1388","3001",
"59313581","4104","8843350",
"59313933","976","133540",
"59319281","1100","5562","9970901"
"59340230","522","83808",
"59344869","980","18531","238694"
"59349905","532","0",
"59356518","1048","33556","42485"
"59360209","332",,
"59361798","511","3376",
"59363727","2032","2800036","3431709"
"59377479","141",,
"59380325","124","8086","12353"
"59399061","735","0","0"
"59405579","190","17413962",
"59408320","230","350520","350520"
"59409914","884",,
"59413096","178","11857","11857"
"59414112","1263","36288",
"59419302","1970","65222",
"59429334","610",,
"59429622","628","510",
"59439380","1439","34362","34362"
"59445842","201","428028",
"59447822","1880","15337299",
"59466378","836","5150","5150"
"59471099","1007","8832506",
"59474920","1209","2491762",
"59476491","2064","249316","249316"
"59481225","4736","77753","77753"
"59481933","864","2240","3425"
"59499899","2124","588517","588517"
"59507057","3797","30774",
"59513894","1965","9312",
"59518627","785","170256","14352280"
"59518658","1008","20645","20645"
"59518665","192","14181","14181"
"59522374","1501","936",
"59529042","614","39527","39527"
"59532176","924","79681","79681"
"59533930","1282","15430",
"59535544","5153",,
"59538441","555","2082","2082"
"59541686","825","161291","161291"
"59543903","2980","25357","25357"
"59547481","1484","556253","556253"
"59548513","249","15564",
"59553685","250","9993","20730"
"59553706","224","9542","9542"
"59559615","2743","36862","36862"
"59560214","1898","53263520",
"59563916","327","17477","17477"
"59566458","2632","2906","2906"
"59571500","758","2322","2322"
"59571536","1809","44338",
"59588605","706","1312","1312"
"59595803","1162","71538","586626"
"59597051","662","8871",
"59599263","995","1925","1925"
"59604922","3117","10487","10487"
"59607944","3825","8423","8423"
"59612558","376","0","0"
"59622395","1182","2749","2749"
"59644303","1043","1024",
"59653226","1944","157577","157577"
"59665484","729","1035702","1035702"
"59667294","12733","2496807","2496807"
"59679622","7331","42596712",
"59686823","345","12554","12554"
"59700795","871","5202",
"59703813","1458","24950","24950"
"59708021","1822",,
"59740283","534","500294",
"59742930","201","7199937","7199937"
"59757355","2179","8989238","8989238"
"59757784","1668","20961992",
"59759353","2128","51334428",
"59759921","1760","74526","10701921"
"59762109","986","1600","1600"
"59763173","896",,
"59774395","1071","1701","1701"
"59778589","652","12248","12248"
"59791601","522","34904408",
"59795912","778","13262","13262"
"59805745","414","0","0"
"59808847","2219",,
"59809764","2193","24056",
"59810838","633","55807","65995"
"59813998","245","96740",
"59841688","311","3345",
"59848113","1202","16840",
"59851305","280","5495806",
"59865817","1109","444169",
"59867124","950","7252711",
"59867137","2232","262348","568745"
"59868127","2015","171441","171441"
"59871615","3654","41035","41035"
"59872695","1120","10266","10266"
"59874409","692","91482","91482"
"59878097","212",,
"59882715","704","4208","4208"
"59894135","274","15987","15987"
"59906471","1425","3369","3369"
"59913402","815","1350","1350"
"59933936","934",,
"59935047","5447","167863",
"59937447","1074","3145",
"59937629","978","18084","18084"
"59948875","1547",,
"59952177","981","426","263909"
"59954185","600","1582","10354216"
"59961897","976","1870",
"59962969","518","1664736",
"59972352","343","24104","24104"
"59974515","3460","1437308","1437308"
"59977364","491","14644565","14644565"
"59982610","2477","1736918",
"59984143","820",,
"59997068","2044","216539",
"59998584","1516","1869","1869"
"60006265","603","170085","170085"
"60009406","428","157026","157026"
"60019967","1149","960","960"
"60032962","419",,
"60048082","955","5780428","5780428"
"60049763","1130","53835",
"60052236","515","0",
"60058556","4212","6695","21055"
"60059328","641","4991683",
"60059402","638","83005","84046"
"60066477","1723","1640085","1640085"
"60079324","821","26035642",
"60087486","6328","27492","16060062"
"60088387","1905",,
"60091559","2567",,
"60091598","967",,
"60095004","427","1390","1390"
"60126813","543","4310316",
"60133485","1257","192011",
"60137402","1101","18220258","18220258"
"60145596","1220","1903",
"60153031","195",,
"60157694","453","4131","4131"
"60157702","1609","5617064",
"60158447","313","2792",
"60160134","2188","882129","882129"
"60164805","3280","610612","610612"
"60169752","1902","767",
"60171603","1560","1469075","1469075"
"60176044","423","3583199","7765037"
"60176878","1387",,
"60180630","2905","19225","19225"
"60180802","1450",,
"60182708","969",,
"60193771","822","251099","479488"
"60222473","6848",,
"60222741","903","8838","8838"
"60225843","979","17858","21277372"
"60229639","326","49325312",
"60242551","1167",,
"60248897","915","56887","56887"
"60253093","2465","5091956",
"60257669","2317",,
"60259833","269",,
"60269750","1522",,
"60273343","1052","62794","62794"
"60277114","810","1037931",
"60288685","2212",,
"60289079","629",,
"60298449","591","1230579",
"60300169","459","6301","6301"
"60303168","685","0","0"
"60307747","765",,
"60309426","839",,
"60310869","1686","225587",
"60316124","964","187340",
"60317784","1992",,
"60321175","3349","19341","19341"
"60326958","877","23985944",
"60339290","5300","6509","600813"
"60346132","1460",,
"60347162","733","12866","12866"
"60349533","1252","13539724",
"60355925","146","806",
"60360767","810",,
"60362121","1659","27575452",
"60364190","1886",,
"60380374","1577","848","848"
"60382188","900","75350",
"60384677","560","297580",
"60387571","537","431751","431751"
"60417391","1359","7910","7910"
"60418323","173","279","279"
"60419257","511","8127","8127"
"60421154","260","27842076",
"60432844","842","63607",
"60438317","689",,
"60447436","8133",,
"60453924","1006","39676",
"60455277","2724","7623525",
"60460901","2235","8702833","8702833"
"60472851","2479","29453660",
"60477061","1746","18122","18122"
"60482809","480",,
"60491837","1757","129085",
"60493188","497",,
"60505130","5535","5851073",
"60521929","1065","2170001",
"60523762","474","61322",
"60527677","793","91584","91584"
"60538714","267","77640",
"60544181","290","455896",
"60547530","374",,
"60554018","12097","46179964",
"60582223","323",,
"60589373","304","5925102","5925102"
"60589455","1564","81950","81950"
"60593250","395","19346","19346"
"60594105","1622","23044624","23044624"
"60596581","578","10153446",
"60611165","1387","5731","817925"
"60616740","306",,
"60618118","2700","2323","2323"
"60618892","640","29658912",
"60627797","381",,
"60627886","272","11026",
"60629753","1272",,
"60630929","736","7954823","7954823"
"60651460","255","2871372",
"60652536","1225",,
"60653217","1662","16181430",
"60671739","2566","51204",
"60673485","858","5430","5430"
"60675844","1804","34109",
"60679609","438","499","499"
"60683476","589",,
"60687265","10197","13843","79115"
"60687521","270","8408",
"60688745","2003","141424","141424"
"60691211","251",,
"60692711","1731","9963",
"60709188","1697","167139","167139"
"60710209","1275","18033","18033"
"60729752","2821","6867","6867"
"60735334","974","86091",
"60743622","1338","495","1557"
"60744252","883","248","248"
"60745453","289","17358452",
"60747192","531","2312946","2312946"
"60753453","332","56411","56411"
"60754839","604",,
"60768178","1832","21447","21447"
"60775996","712","7790265",
"60776412","478","11534","11534"
"60776512","1236","6472093",
"60782815","167","40180",
"60782859","847",,
"60786602","1943",,
"60787325","3358","3807399",
"60788435","1970",,
"60789862","278","3142504",
"60792053","341","82423","82423"
"60805753","5395","20856","20856"
"60807449","381",,
"60807821","3096","4535",
"60812233","433","8270","8270"
"60814643","2839","39355","39355"
"60840243","1672",,
"60841906","1584",,
"60849745","966","901965",
"60851712","753",,
"60864013","1082","90363",
"60866521","851","451","451"
"60868897","967","1148",
"60871475","2215","1317","1317"
"60873580","2283","225802","225802"
"60874769","1317","3644149","3644149"
"60881927","726",,
"60891304","1237",,
"60892354","1192","3126713","3339677"
"60899373","755","3505525",
"60900354","2668","77826","77826"
"60902904","971","8089859","8389165"
"60904105","862","55884","55884"
"60906336","1872","1303964","1303964"
"60910436","1403","4778","4778"
"60910770","2302","33320756",
"60916931","411","834912","834912"
"60918585","545",,
"60918957","1429","7930076",
"60921090","1092","141089",
"60929363","6611","459660","459660"
"60929760","758","0","0"
"60936555","1046","683604","1785344"
"60937340","2028","2592653","2592653"
"60942067","1103","2887","2887"
"60943127","2364",,
"60947729","530","4108","4108"
"60948332","745",,
"60951820","3041",,
"60952438","1176","9644","9644"
"60954497","1167",,
"60960923","422","710088",
"60963759","1360","225811","225811"
"60965678","2253","355738","355738"
"60966802","880","9697",
"60967486","394","2715325",
"60968609","644",,
"60968946","239",,
"60983747","545","24671",
"60988483","684",,
"60993450","1476","32492","32492"
"60995173","206","397877",
"61007314","543","3061","3061"
"61010294","942","81400","81400"
"61033355","665","66410","66410"
"61037714","817","121148","121148"
"61040457","1255",,
"61042437","641","9065","9065"
"61045663","2255",,
"61047349","834","1105748",
"61048334","796","5016","5016"
"61049431","1325",,
"61053695","384",,
"61056146","371","739",
"61059614","1088",,
"61060647","1347",,
"61060920","265","2485","2485"
"61060933","1095","1775031",
"61067030","2628",,
"61067566","355","1273","1273"
"61070925","838","24006880",
"61073863","1455",,
"61078178","1699","354481",
"61078915","1430","581962",
"61082940","3878",,
"61091137","1388","1256416",
"61094080","1384",,
"61096521","2188","2940326",
"61105395","783","6096","6096"
"61114607","440","15989913",
"61116147","886","589","589"
"61117865","1583","1667228","1667228"
"61122110","913","171648","171648"
"61124368","1154","9390966",
"61137439","2507",,
"61140372","1305","9964","9964"
"61146248","2136","2090200","2090200"
"61152929","3517",,
"61154750","996","4852","4852"
"61166082","1003","4595",
"61169336","253",,
"61169424","1185","19844","1025365"
"61182993","2089",,
"61184613","1541","3532","3532"
"61187476","1883","36274432",
"61188284","855","92416","92416"
"61188927","486",,
"61192568","823","270673","270673"
"61196735","666","93184",
"61200125","503","43948","43948"
"61203865","456",,
"61208421","2057",,
"61211405","974","238276","238276"
"61213333","1020","76146",
"61214424","830",,
"61215243","584","949430",
"61216833","1368",,
"61217100","607","7201",
"61229585","550",,
"61234457","2942","12142802","12142802"
"61238849","1409","9804","10954"
"61242936","794","4852",
"61255989","2005","71140","75497"
"61256824","740","5450","5450"
"61258852","1987",,
"61268184","595","0","0"
"61268381","1291","16646",
"61270489","656","26128836",
"61275831","11734","656501",
"61278412","902",,
"61279928","1384","27080",
"61285080","265","9606198","9606198"
"61289322","988","26630760",
"61290397","5153","12291181",
"61299948","459",,
"61308519","2028","23323","121047"
"61313591","17553",,
"61326014","2577",,
"61327326","1878","401579",
"61330199","369",,
"61363648","2391","10553250",
"61364535","1522",,
"61378735","844",,
"61383941","862","1444723",
"61388905","2156","2656",
"61392968","439","130367","130367"
"61393981","924","43934",
"61398483","1360","107120","107120"
"61404452","994",,
"61405539","817","2669","82187"
"61415256","1071",,
"61419552","338","179522",
"61421478","2266",,
"61424387","994","29824","29824"
"61426487","1832","386852","386852"
"61427907","1311","3223",
"61432453","608","337564",
"61438033","972","3699","3699"
"61444542","2613","1993834",
"61447350","538","13107","13107"
"61461570","1896","14016436",
"61463578","4954","8417","8417"
"61464151","1245","27713","27713"
"61472837","1356","189806",
"61473566","1775","117534","117534"
"61479010","474",,
"61490183","325","97115","97115"
"61491484","886","56317","56317"
"61512114","3303","42545772",
"61515272","271","87917",
"61516256","1629","1752395",
"61517308","2023",,
"61530344","659","190932",
"61530829","787","188950",
"61532119","866","13736136","13736136"
"61535020","1798",,
"61542865","320",,
"61554275","678","67153",
"61558780","2071","180418","180418"
"61576908","3528",,
"61585263","2184",,
"61589669","1282","15433",
"61596870","1268",,
"61597120","1063","57041",
"61609774","2476","617050",
"61611978","576","65328","65328"
"61613938","2125","51710","51710"
"61614970","977",,
"61616909","692","50892",
"61618750","1674","18253","18253"
"61632940","620","130979",
"61643575","1520","80304",
"61649661","126",,
"61656704","6020","40432","40432"
"61670081","1869","2823","8916673"
"61678292","420","10555933",
"61683335","723","209249",
"61686058","923","44944",
"61686224","412","44654","44654"
"61688358","303","151649",
"61694847","899","46255",
"61706268","405","46711","46711"
"61720604","373",,
"61734787","3198","3440467",
"61741227","199",,
"61756722","3197",,
"61758808","2036",,
"61762061","255",,
"61762122","496",,
"61763134","530","282671","282671"
"61764383","1040",,
"61770694","589","53308","53308"
"61775854","2200",,
"61782026","350","18402","18402"
"61783687","718","52722",
"61788540","428","10559","15810"
"61790181","550",,
"61795201","5887","11825",
"61801096","1417","2051","2051"
"61802277","848","80104",
"61806951","322","6797",
"61814285","2684","42517",
"61817010","2030","11327488","11327488"
"61817446","986","32219",
"61818512","1235","35759","35759"
"61819502","273","1047","1047"
"61823476","583","13320","13320"
"61828726","695","25247750",
"61837135","1901","15970125",
"61847090","696","8845475",
"61847291","897","315273",
"61857523","667","491","158647"
"61858388","2333","81836","81836"
"61859371","691","24850","24850"
"61860732","1338","1585","8116"
"61863729","789","15045584",
"61863790","292",,
"61864370","1587","40745",
"61873536","735",,
"61874021","1253","739","739"
"61877681","1455","183166","1185479"
"61886993","713","85208","85208"
"61888590","1496",,
"61889035","478","503","503"
"61891328","219","3767","3767"
"61892305","495","11428",
"61899700","1637","1710",
"61900095","2441","90098","90098"
"61906959","1365","35588164",
"61915119","1305","15705","15705"
"61916940","2384","9614",
"61919141","168","2230","2230"
"61923500","1163","355876","355876"
"61923610","7603",,
"61923737","2454",,
"61928407","1882","109298","109298"
"61931009","713","12674","245656"
"61932129","483",,
"61932940","180","131","131"
"61954361","287","11870555",
"61957117","157","21721348",
"61957795","992","42579532",
"61958231","1824","1530","1530"
"61958387","1158","3173","49680"
"61961115","2556","47624","47624"
"61969011","662","37341","37341"
"61971686","2789",,
"61972822","1577",,
"61975114","1447","40403",
"61977812","347",,
"61979870","1219","42011","1798966"
"61980794","834","6000523","6000523"
"61984201","1632","27065916",
"61988255","204","976",
"61989951","1048","14545","14545"
"61990697","344",,
"61999397","2459",,
"62003977","273","1012061",
"62005396","184",,
"62007181","221","15445","15445"
"62014553","605","11956",
"62024094","2102","32794","32794"
"62032706","1076","238407","238407"
"62037992","556","188381","188381"
"62045478","125","3631",
"62045967","1803","319589","319589"
"62049871","1118","4362",
"62053023","723",,
"62055310","8860","657747",
"62055455","501","858","858"
"62059183","3155","243","243"
"62066641","3329","68207","68207"
"62086243","1164",,
"62087265","1882","95778",
"62089077","1598","30664","408214"
"62093133","1503","21927440",
"62097282","825","3309","3309"
"62113095","892","66501","66501"
"62114554","2029","7008546",
"62121433","2093","10923499",
"62122455","554","2478","2478"
"62122834","3189","13387","13387"
"62126024","2505","3419","3419"
"62136930","486",,
"62142092","907","578","7649"
"62151109","5865",,
"62158608","3293","260824","260824"
"62160905","1346","1250","1250"
"62166696","1244",,
"62167773","784","524","524"
"62172994","1419","21132","21132"
"62179995","1984","5157",
"62190387","656",,
"62191612","1570","23058","23058"
"62191949","753","10787718","10787718"
"62191950","1158","1544","1544"
"62194444","366","38779","38779"
"62217374","2020","69228",
"62220073","1415","17341",
"62220945","2059","25782",
"62226050","521","424345","424345"
"62227860","1220",,
"62228154","6716","8592","8592"
"62230139","851","14106955","14106955"
"62231390","1474","2799","2799"
"62234236","792",,
"62237908","899",,
"62239659","1037",,
"62240661","1751","1994","1994"
"62241177","337","76062",
"62254219","755","4212","4212"
"62265442","450","636272","636272"
"62271879","1925","857422","857422"
"62272500","992",,
"62278936","1555","75927","75927"
"62280287","879","1212144","1212144"
"62281418","758","44030","44030"
"62285692","1630",,
"62288443","706","5104",
"62288741","1254",,
"62289587","1418","694255","694255"
"62291270","1705","11815","11815"
"62303997","3881","9579","9579"
"62304258","506","27640820",
"62308792","1346",,
"62311883","1228",,
"62325286","558","20479","20479"
"62331829","185","1718","1718"
"62334334","493","41784",
"62334396","479","7238","7238"
"62334460","534","10162","10162"
"62336787","231","6239",
"62340637","454",,
"62341336","838",,
"62348321","396","440395","440395"
"62364711","3383","12824434",
"62365544","1076",,
"62367778","603",,
"62368708","1766","5806","5806"
"62370850","642","453",
"62373037","681",,
"62373897","448","2636",
"62377175","606","8540","9271"
"62378595","376","22232","22232"
"62386905","175","22541836",
"62393036","1628","3708","3708"
"62394928","400","216782","216782"
"62395596","1600",,
"62397129","1684","9646","9646"
"62398458","977","14043","80001"
"62399981","1786","6413","6413"
"62405929","1247",,
"62407913","2476","17185","17185"
"62412011","784","27999",
"62417805","1455",,
"62418574","1254","1102",
"62432172","426","15939",
"62438873","1171","4645133",
"62441607","192","5166","5166"
"62442634","392","1891","1891"
"62445698","1308",,
"62446815","5542","86535","86535"
"62447902","896","979",
"62451869","1473","10201540",
"62456287","1218","693078","693078"
"62457039","1946","160","160"
"62457504","530",,
"62458724","1473",,
"62476668","1155","27409784",
"62477070","812",,
"62478183","1837","15574",
"62480194","502","72538","72538"
"62486239","1185","9821604",
"62489323","1480","287","287"
"62494934","1053",,
"62495937","3170","3659","3659"
"62497883","2652","134",
"62501344","1391",,
"62502951","1864","2263","158811"
"62504968","1722","5656","189880"
"62507091","242","138939","138939"
"62508742","1464",,
"62517969","4155","11486114",
"62523086","634","2379","89814"
"62530012","16083",,
"62530078","325","716","56353"
"62547073","376","40811",
"62547923","2418","574000",
"62549689","1992",,
"62554548","6288","2143","2143"
"62557325","1262","627938","627938"
"62565210","882","6938",
"62565545","2585","10939488","10939488"
"62568643","4549","17685","17685"
"62569838","815","2820",
"62572121","1510","906053",
"62576310","2126","18565054",
"62576673","946","86987",
"62578732","860","1422","1422"
"62581082","1073",,
"62582960","939","9144570",
"62583149","3799","83824",
"62584239","2794","8828","8828"
"62584348","564","1530","1530"
"62591569","5593","255451","255451"
"62599345","584",,
"62608259","1083","7713121","7713121"
"62618898","695","200736","200736"
"62623966","258","0",
"62624753","2224",,
"62625720","898",,
"62627931","665",,
"62629878","1953","1286836",
"62633963","2373",,
"62636642","3332",,
"62637984","870",,
"62646471","754","2911","2911"
"62648670","1987","607327","607327"
"62649334","669",,
"62650198","945",,
"62652827","442","2262","2262"
"62657746","701","35918",
"62659589","1320","591843",
"62660969","1091","489",
"62663326","1824","3024334",
"62663378","1825","23923","23923"
"62678901","393","307421",
"62681820","720","4236117",
"62685336","902",,
"62686359","357","256754",
"62691871","930","23648","23648"
"62702201","519",,
"62706725","896","581",
"62707168","833","18920","18920"
"62711268","828","29286",
"62716758","558","2111",
"62717065","211","6912","6912"
"62718424","1477",,
"62721656","110","95026","95026"
"62724429","1020","27415","42916"
"62730365","366","25205",
"62734631","2386","75306","75306"
"62736315","135","2771","2771"
"62740362","9652",,
"62744457","5072","255064",
"62750603","338","98561",
"62759334","3305","10267914",
"62762385","1989","1830","1830"
"62769899","447",,
"62770133","662","20290",
"62772685","2084","144100","144100"
"62773619","520","24581","24581"
"62775200","1577","760",
"62777499","1688","8259","8259"
"62779643","1226","3291","3291"
"62782531","537","1409","1409"
"62783381","1801","2242",
"62784282","1508","3163",
"62784756","880","1292","1292"
"62797665","1119","66957","66957"
"62800931","1199","4593","4593"
"62802160","461","194","194"
"62803531","241","8104","8104"
"62803679","2451","16559",
"62810220","377","36608",
"62811744","923",,
"62816099","890","10771","10771"
"62819489","1100","8183","8183"
"62841874","826",,
"62846375","676","214767",
"62857420","700","35887","35887"
"62863080","1338","97998",
"62879511","991","60585","62014"
"62887078","407",,
"62890832","583","163926",
"62892700","2480","79244","79244"
"62908594","3045","3921130","3921130"
"62909053","2846",,
"62913098","1212","8173","18087"
"62914032","1384",,
"62916666","1564",,
"62921139","2547",,
"62922990","284",,
"62924553","2294","1494","1494"
"62934246","847","671505","671505"
"62935408","416","118473","118473"
"62937775","1503","67758","67758"
"62943615","796","62549","62549"
"62943620","1573",,
"62945517","1262","3618542",
"62954151","1875",,
"62955183","1553","0","0"
"62957735","1386",,
"62959135","1004","9779","9779"
"62960533","2037","34320284",
"62968218","740","1250",
"62968271","2084","82625","82625"
"62968861","1623","432588","432588"
"62968897","894","3414","20194"
"62971177","695","40859",
"62977242","1062",,
"62977821","1021","1058321","1058321"
"62980253","319",,
"62983257","1531","37221","37221"
"62987150","2384",,
"62993230","203","75097","75097"
"62996357","336","174",
"63003669","568","36252","36252"
"63006197","1418",,
"63010170","974",,
"63012093","5479",,
"63012327","4733","69722",
"63014238","801","1720655","1720655"
"63014786","559","6219","32807"
"63018676","853","5978","5978"
"63022460","1416",,
"63034846","1773","19403484",
"63040427","1087",,
"63041640","937","534",
"63042765","1121","37384",
"63050024","10964",,
"63053878","3188",,
"63054966","21084","162488","162488"
"63056495","586","44728","44728"
"63059692","1872","250201","250201"
"63061893","3620",,
"63066240","2076","1524743","1524743"
"63071883","414","88072",
"63080133","736","18356","18356"
"63089888","616","17958","17958"
"63093761","2307","862511","862511"
"63094543","246",,
"63103518","1668","11996","11996"
"63104643","1784","38208","38208"
"63105577","2158","691487",
"63107081","2260","6683",
"63114283","747","260337",
"63115345","1750","14674658",
"63116469","725","8707","8707"
"63117454","1135","2526","71061"
"63118011","2001","65842","65842"
"63119030","510","61310",
"63119375","2906","84180",
"63120390","242","643913","643913"
"63121996","1441","5746",
"63123054","686","35198","35198"
"63131846","1542",,
"63138444","1566","45121",
"63143360","2010","7160","7160"
"63147162","1036",,
"63148639","1655","1162",
"63151602","1394","5696","5696"
"63159544","202","63165","63165"
"63159962","1634",,
"63167649","2178",,
"63168549","1500","10816882",
"63172508","1888","4272",
"63174622","2777","4017777",
"63180349","459","30321608",
"63186141","916","1841","1841"
"63188674","855","106924",
"63190217","927","1294","1294"
"63192132","428","195","195"
"63220262","1468","3243","3243"
"63221344","879",,
"63221514","831",,
"63224018","397",,
"63226588","545","12870",
"63229882","756","13602","13602"
"63252525","340","22249","22249"
"63255957","1170",,
"63261090","5589","10063046",
"63262449","374","6876118",
"63267007","788","566",
"63275189","3011",,
"63277200","2652","66916",
"63280592","864",,
"63288356","873","28713","28713"
"63304700","949","36488",
"63308904","1678","24071","24071"
"63309348","3122","287","287"
"63310176","2066","99815",
"63310443","3400","1353",
"63314096","631","794","794"
"63315089","211","1789","1789"
"63315602","1508","1015","1015"
"63316358","788","153527","153527"
"63317854","775","27968104",
"63318249","522","29957","29957"
"63318776","798",,
"63320211","315","5523","5523"
"63321291","4251","115023",
"63323498","1320","11122","11122"
"63325152","27192","78383",
"63330669","2873","86716",
"63335751","449","455787",
"63341752","631",,
"63341938","133","36695","36695"
"63343937","1433","9697390",
"63349624","1616","30081",
"63349963","730","4053","4053"
"63353288","478","0",
"63353787","927",,
"63354484","366","0",
"63354866","878","1012","1012"
"63358956","607","105269","105269"
"63362126","1401","25659778",
"63367874","650","23277",
"63375309","5145","3571",
"63376280","3096","6106","6106"
"63379321","1644",,
"63384756","901","64602","64602"
"63385691","8389","346066","346066"
"63393437","895",,
"63398836","4522","24333","70073"
"63402935","2269","72505","72505"
"63404843","1725",,
"63410396","1822","778951","778951"
"63420995","1852",,
"63421008","1225","50845",
"63426356","280","1654","1654"
"63432516","372",,
"63434350","935","130703",
"63435125","1436","101202","101202"
"63436541","2749","2958","2958"
"63436685","3022","10434","10434"
"63440501","140","9308917",
"63445967","1670","3980213",
"63449321","2843",,
"63451187","510","4523","4523"
"63452906","389",,
"63458561","1706","57254","57254"
"63460875","347","3984","3984"
"63466747","1408","1758",
"63467662","1150","3016","83883"
"63467902","473","13100626",
"63468238","1163","23218","23218"
"63472617","3666",,
"63472909","3608","6926","6926"
"63480433","429","489950","489950"
"63488189","505","64583",
"63489418","5131","566450","576419"
"63501397","2477","9353","9353"
"63513827","465",,
"63517636","1733",,
"63517732","888","1209477",
"63521430","2068","405099",
"63521763","439","401712",
"63521919","1695",,
"63524358","1082",,
"63526649","768",,
"63527410","10491","136024","136024"
"63529486","497","889",
"63548721","2434","583352","583352"
"63563741","161",,
"63568834","624","16371","16371"
"63569560","1371",,
"63570002","1586","51572",
"63581746","558","0",
"63584972","906",,
"63585862","2081","142660",
"63593031","1605","77375",
"63593086","1580","0",
"63596379","1377","41142","41142"
"63599539","2462","114175","114175"
"63600064","1181","529189","529189"
"63605894","917","27695",
"63606079","3603","2256",
"63610969","484","395","203251"
"63612155","940","1251","1251"
"63618762","972","6187","6187"
"63619329","313","619","619"
"63621850","835","1500","1500"
"63637826","531","10537","10537"
"63637891","830",,
"63641172","434","29520",
"63641822","2528","24221","24221"
"63642807","1274","3346409",
"63647949","1463","168490",
"63648591","2246","3430","3430"
"63651059","5444","32488","32488"
"63659938","657","164333","164333"
"63659997","8610","20888944",
"63662376","2180","197087","197087"
"63663436","313","14673","15709"
"63665891","1010","11063","11063"
"63666618","3780","4350","4350"
"63671500","6299",,
"63672189","279","53897",
"63673643","2153","8635",
"63676119","1105","10104","10104"
"63676743","821","4778",
"63687203","1095","6060","6060"
"63688723","376","60218",
"63691962","734","220","10335"
"63697142","1342","16406","16406"
"63697371","782","561","561"
"63702007","2465","25543",
"63706014","1521","61797",
"63710029","1859","487","487"
"63711194","470","82716",
"63712992","590","446","446"
"63713595","610","31363","31363"
"63715344","909","4077",
"63722151","1265","1078","1078"
"63724933","147",,
"63727007","1812","18890",
"63733822","1518","1373","1373"
"63741483","1305","16942",
"63743022","3586","459466","459466"
"63745613","175","7575",
"63748729","2027","30109",
"63763226","1394",,
"63770567","839","17074",
"63778169","2077","363207",
"63786311","3206","351",
"63791957","702","232",
"63795736","4438","206749","206749"
"63796341","1293","3778","3778"
"63800645","2004",,
"63803136","457","63279","63279"
"63805317","166","2628851",
"63810325","2517","40534",
"63811811","1649","3720",
"63817052","755","5484",
"63822219","355","5860","5860"
"63823612","1429",,
"63825153","580",,
"63834849","657","102782",
"63835872","497","420","420"
"63844720","1191","144009",
"63850650","751","115103",
"63860001","2781","134834",
"63872812","2673","16161",
"63887031","1768","24172",
"63887592","1744","44440",
"63892778","6057","588407",
"63917945","3290","160617","160617"
"63927583","720",,
"63932268","1469","3085","3085"
"63932728","289","218",
"63941471","870","6736350",
"63941739","486",,
"63945383","1257","515779","515779"
"63947566","1194","15082395",
"63947660","1512",,
"63949783","225","2930","3065"
"63951880","2130",,
"63952543","347","13412",
"63954895","839","1653",
"63955515","4980",,
"63960394","1518",,
"63964956","1761","13549376",
"63966764","2319","2359773",
"63967152","5699",,
"63969803","1319",,
"63970074","1939","9320451",
"63970992","21279","1253","1253"
"63972265","362","2673",
"63983879","2287","69234",
"63985316","719","14879",
"63986085","2068","146430","146430"
"63987220","544","4081",
"63987617","3006",,
"64001055","577","113476","113476"
"64001064","480","28388","28388"
"64001098","820","158082","158082"
"64001175","1427","161561","161561"
"64006803","2610",,
"64008302","682","32414","32414"
"64009546","461","15363",
"64029658","1412",,
"64031598","1943","839983",
"64033686","694","5724","84265"
"64035289","511","239","239"
"64035748","2485","69378","1632579"
"64036755","217",,
"64037059","437","2356",
"64037397","649","1669833",
"64037622","2754","567335","786598"
"64038381","1808","67102",
"64043335","1818",,
"64049306","394","822",
"64053790","1118","41094","41094"
"64055017","1607","24001",
"64055230","397","29537",
"64074405","1641",,
"64076798","806","10913","10913"
"64078671","4104","31896648",
"64090733","3167","5298","579392"
"64098854","305","21454244",
"64105318","782","272163","272163"
"64108290","1298",,
"64109619","3060","27521",
"64111780","852","161317",
"64120181","2631","861",
"64124831","5079","1206015","1206015"
"64126095","319","11705",
"64127057","973",,
"64127081","1209",,
"64128759","233",,
"64135104","528","26658",
"64144015","1170","21075",
"64146245","685","12654","12654"
"64150217","1114","86842","1569758"
"64155765","2523","72962","72962"
"64169578","2354","16529","16529"
"64171023","812","339151","339151"
"64173350","405",,
"64174918","728","687648",
"64176555","10067","0","0"
"64183734","1330",,
"64184839","2556","19791","19791"
"64186518","1725","6877","6877"
"64187098","4545","2823022",
"64193130","918",,
"64193442","932","71737",
"64196083","3530","7840681",
"64196928","2144",,
"64203293","1050","33763","391815"
"64203858","341",,
"64204333","1296","4359","4359"
"64208230","926",,
"64209601","3302","5175571","5175571"
"64213166","576","55614",
"64215394","1411","78295","1115096"
"64215516","2658",,
"64217028","1718","59800",
"64217753","1301",,
"64219080","3363","32446","32446"
"64226272","2309","652964","652964"
"64234027","951","0",
"64234725","712","90673",
"64235287","2222",,
"64239706","6433","530281",
"64270132","561","7837879",
"64270867","1757","4129","4129"
"64272276","1502","1235","1235"
"64275301","1108",,
"64280116","2696","2071","2071"
"64282616","2308",,
"64283032","657","2677033",
"64289344","354","3039",
"64292372","657","54056",
"64295047","875",,
"64295530","2037","383326","383326"
"64301884","427",,
"64313101","1309",,
"64317086","1436","80694",
"64321708","3047","2783446","2783446"
"64322121","4763","203859","203859"
"64331408","1437","19893","35668"
"64336306","3113","104489","104489"
"64340651","180",,
"64352242","4141",,
"64355931","1341","36507",
"64357946","305",,
"64359222","14569",,
"64363746","518","18708664",
"64364339","734","18124","18124"
"64364989","614","34960",
"64365295","645",,
"64367166","1159",,
"64367788","2778",,
"64368828","2084",,
"64370092","1222","308128",
"64372814","518",,
"64373516","622","5167","5167"
"64373957","189","546","546"
"64374179","1552","114518",
"64376609","1092","2530",
"64378044","820","510861",
"64390655","1680","210379",
"64391445","1640","3185","3185"
"64395360","1836","68157","68157"
"64397938","2120","139999","139999"
"64402825","3865","2173","2173"
"64405836","1964","9577","9577"
"64412941","998","42021","42021"
"64415258","1914",,
"64415781","654","0",
"64419695","295","384",
"64425335","2465","183895","183895"
"64430884","3363","167239",
"64431541","716",,
"64434318","235","34181",
"64438471","1600",,
"64439506","1791",,
"64441204","462","1931","1931"
"64442364","896",,
"64447223","3610","1281447",
"64447952","131",,
"64457842","905","1221476","1221476"
"64459114","730","531","531"
"64463461","7075","32092","32092"
"64467848","1433",,
"64471597","235","94943",
"64477994","645",,
"64482190","542","1680","1680"
"64487465","2568",,
"64487952","2700",,
"64489263","14072","19837","160457"
"64491156","3585","579223","841756"
"64500507","407","1242481",
"64502419","2726","524513",
"64504073","1468",,
"64504717","2490","950008",
"64505237","324","12207",
"64514500","2024","766444","766444"
"64518447","1082",,
"64518967","840","0",
"64521591","142",,
"64523483","1230",,
"64523984","1445","719124",
"64531731","948","2028","2028"
"64532293","1002",,
"64532712","917",,
"64533609","1051",,
"64546384","535","5654","5654"
"64552896","3191","550566","550566"
"64553553","1403","6302",
"64553739","1105","85709",
"64557292","228","11748","11748"
"64557976","8794",,
"64563568","644","47089","47089"
"64565482","414","0","0"
"64582790","907","532060","532060"
"64583543","1725","27116",
"64589543","931","15962","15962"
"64592508","487","52423",
"64593034","864",,
"64595893","392","2216778","2216778"
"64597296","1821","581939",
"64600031","1151","2470","2470"
"64610686","199","245976",
"64611029","1527","84106","84106"
"64613154","1367",,
"64616712","755","18417128",
"64621707","939","12498","12498"
"64621774","1427","11456","11456"
"64622487","536",,
"64624046","2290",,
"64626463","3195","73394",
"64633028","903","1810151",
"64634535","1543","3837","3837"
"64635032","908","3257",
"64638912","350",,
"64640750","1432","22334","22334"
"64645858","1573","13319","13319"
"64653476","832","189849",
"64653733","1180","38264","38264"
"64655888","1128","35862","1195107"
"64670494","1095","45030","45030"
"64671578","883",,
"64679245","4240",,
"64683577","1093","6687","6687"
"64702857","1752",,
"64706720","2062","6603117",
"64708371","450","763333",
"64715544","1039","66973","66973"
"64721253","1308","27744",
"64722037","2644","35620",
"64724253","745","33509",
"64726189","895","345109",
"64726927","1607","30688","30688"
"64727337","436","1675",
"64727916","696","497","497"
"64743140","635",,
"64745031","820","159184",
"64748624","1235",,
"64748985","2954","17170","153053"
"64757618","2595",,
"64759755","4698",,
"64759960","4671",,
"64766151","1813","87862",
"64769112","803","333","333"
"64769871","614","205497",
"64776708","776","171267","171267"
"64776871","2218","338728",
"64779312","3014",,
"64781462","370","10653","10653"
"64784257","621",,
"64791341","665",,
"64792304","662",,
"64793785","632","38991",
"64794977","2419","1857","1857"
"64802322","636","1213000",
"64802766","299","4334","4334"
"64813927","421",,
"64819969","943",,
"64823120","3087","8285","8285"
"64823357","612",,
"64831439","300","207637",
"64839432","1425","51739",
"64843487","2655",,
"64844555","1057","6376843",
"64847650","730","7080","7080"
"64849776","1347","59055",
"64850430","1535","739",
"64850459","362","4573","4573"
"64850729","468","1827","1827"
"64853326","1887","2355","2355"
"64855441","611","90345","90345"
"64856287","2101","4820","4820"
"64856754","950","8305",
"64859065","447","37913","37913"
"64860458","2269",,
"64868462","1305","180303","180303"
"64868918","2332","47299",
"64873031","2369","52",
"64873168","507","3156",
"64875176","436","13801","13801"
"64876953","1516","6056",
"64878131","1862","3851",
"64882287","450","97180",
"64883366","1280","89604",
"64883692","1594","3647","3647"
"64887265","431","10208",
"64887921","2647",,
"64890466","1312",,
"64891521","1403","2630",
"64893238","1335",,
"64895637","384","20030",
"64896276","888","21596","21596"
"64897338","1625","19953","19953"
"64904300","245","22508",
"64913270","2283","9766728",
"64914701","2777","183052","183052"
"64919429","491","15113167",
"64919507","170","312788",
"64920371","132",,
"64921011","456","398253","398253"
"64930068","1198","4871750",
"64930928","255",,
"64931222","1298",,
"64933795","3561",,
"64935917","398",,
"64939318","1986","169818",
"64940188","815","862511",
"64946385","1241","7091","7091"
"64950498","1151","137915",
"64951151","241",,
"64951853","1641",,
"64953274","1566","73964",
"64956147","1877","4132063",
"64956301","1521","3709",
"64957915","2003","5992","5992"
"64958538","1335","68645",
"64958707","1615",,
"64959690","2064",,
"64959920","1035","720136","720136"
"64962477","590","31336",
"64969086","1746",,
"64969548","886","593413","593413"
"64977857","4437",,
"64983368","954",,
"64986874","3084","533759","533759"
"64988826","838",,
"64989576","1034","861896",
"64993336","2226",,
"64993964","1721",,
"64994596","780",,
"64994889","742","87741","87741"
"65000409","745",,
"65001234","1804",,
"65004120","214","114020",
"65004767","758",,
"65006393","2554",,
"65007039","938",,
"65009405","2128","107893",
"65011370","815","32439",
"65011667","2931","9976162",
"65014768","995","77327","77327"
"65025094","1819",,
"65029702","1528",,
"65033969","277","54129",
"65035256","2337","231798","231798"
"65036034","7251","13759373",
"65036654","294",,
"65038753","1528",,
"65045068","1270","246702","246702"
"65045104","478",,
"65047992","1855",,
"65048003","1665","53580",
"65050008","869","1468","1468"
"65055409","271",,
"65056670","358","220273",
"65056871","1405",,
"65060310","1423",,
"65060773","419","4731",
"65063766","21404",,
"65064167","12241","3640","89198"
"65067320","434","410","1123"
"65071861","642","169705","169705"
"65075211","1716",,
"65077036","2776","77696","77696"
"65077827","1488","91776","91776"
"65078579","3162",,
"65083175","348",,
"65087399","742","5829",
"65090500","809",,
"65090928","2199","5566",
"65092291","1136",,
"65093350","229","343","343"
"65093647","900","10433","10433"
"65094005","1570",,
"65094504","4225",,
"65100630","1976","4796","4796"
"65104528","688",,
"65107241","992",,
"65110940","2166","3526",
"65115398","3860","13547","13547"
"65123923","2221","22231",
"65124227","546","3727",
"65126312","1253","14880","14880"
"65131674","669",,
"65132563","2318","8811605",
"65134146","807",,
"65136800","517",,
"65141055","828",,
"65147014","1386",,
"65150247","738",,
"65153614","2114",,
"65154829","3060","76097",
"65156970","963",,
"65161227","1589","3290",
"65164060","536",,
"65164916","161","11003465",
"65528704","760",,
"65530775","1297","257925",
"65531373","1385","35055","35055"
"65532726","925","24577",
"65543489","2728","16606","16606"
"65544011","473","129927",
"65549050","2492",,
"65557650","26741","776","776"
"65562010","1722",,
"65570514","5451","1064",
"65571673","1563","3111","3111"
"65573258","610",,
"65574667","1722","423203",
"65576927","975","2155253","2155253"
"65578334","333","876","876"
"65578466","2055","2321","2321"
"65580689","224","685","685"
"65582737","1247","14156",
"65583325","830",,
"65583944","1784",,
"65589050","1576","5339368","5339368"
"65600555","1957","30827","30827"
"65601569","3732",,
"65605228","3359",,
"65606498","339","403018","403018"
"65609835","791","2085","2085"
"65615776","774","5757408","10984809"
"65617676","406","34078",
"65619464","672","5180883","5180883"
"65623466","3670",,
"65625629","1431","6744","6744"
"65628252","1827",,
"65628275","2166",,
"65632472","1319","2128","2128"
"65634090","2745","115262","115262"
"65634251","520",,
"65644253","547","44896","44896"
"65652624","628",,
"65653291","555","211541",
"65655514","1410","4422",
"65656135","870",,
"65656476","435","589","589"
"65664718","16529",,
"65664846","3008","95994","95994"
"65670516","4779","3623736",
"65672418","1115","20446",
"65672776","3475","746889",
"65673790","842","654",
"65686873","2457","14863","14863"
"65689024","2361",,
"65692644","781","299","299"
"65692711","2155","2920","2920"
"65697699","323","2123","2123"
"65703126","2768",,
"65705097","1220","22087","22087"
"65709151","963","7498",
"65711741","1063","4552918",
"65713945","646",,
"65714212","802",,
"65718409","1068","4300",
"65724762","666","46642","46642"
"65726012","1398",,
"65728933","1629","4761","4761"
"65730614","1659","29758","29758"
"65731452","795",,
"65735099","1311","1326","1326"
"65743472","780",,
"65749211","2043",,
"65751135","466",,
"65752426","1441","15401458",
"65753728","1071",,
"65762101","1441",,
"65764274","1693",,
"65767180","1051",,
"65778838","1204","147338",
"65781245","2281",,
"65781328","481",,
"65784983","2993","1412","1412"
"65785149","303","29735",
"65787779","3511","1203303","1203303"
"65791849","1611","2311",
"65792342","613",,
"65796490","1785",,
"65799172","1003","2373901","2373901"
"65801016","1201",,
"65801828","944","0","0"
"65805825","526","1929",
"65808241","1628","74427","74427"
"65809131","671","1366","1366"
"65812220","2555",,
"65812815","2814",,
"65814953","1715","2511","2511"
"65815943","740",,
"65816183","500","383",
"65820392","2056","6666","6666"
"65825399","2111","1461",
"65826284","2060",,
"65826468","1324",,
"65827050","1795","334486","334486"
"65828544","299","1202",
"65829278","1222",,
"65832692","510","2860","2860"
"65833842","793",,
"65855054","924",,
"65858806","761",,
"65860635","1400",,
"65864411","3477","85318","85318"
"65864951","1759","66893","259870"
"65866250","2372","62228","62228"
"65882254","743",,
"65885601","2822",,
"65887089","598","28789",
"65888827","584",,
"65893608","2180",,
"65894993","1326",,
"65895649","487","15106701","15106701"
"65899318","947",,
"65901254","1683","1137351",
"65903571","1093","60055",
"65905380","572","24667","24667"
"65905680","669","2035",
"65909866","675",,
"65914172","1619",,
"65916660","1070","46767","46767"
"65917906","2084",,
"65924707","2312",,
"65925251","1058",,
"65925430","3522",,
"65927378","907",,
"65928779","7916","1403","1403"
"65929094","306",,
"65937423","5724","73705",
"65942996","1390",,
"65944261","1124",,
"65944700","1248","1132","1132"
"65945115","1032","1798",
"65946704","1294","720",
"65946777","1448",,
"65949957","1018","972","22523"
"65953108","247","2022304","2022304"
"65955742","370","2675299","2675299"
"65956260","1166",,
"65957197","782","5823","5823"
"65966447","1401",,
"65966645","1326",,
"65970056","2459",,
"65974056","2240","383427",
"65976329","1544",,
"65978692","2104",,
"65983693","2021",,
"65988652","1218","415358","415358"
"65991198","2510","690310","690310"
"65995578","2082",,
"65997950","2379","51549",
"65999737","799",,
"66004394","2004",,
"66008058","2012","5456","5456"
"66015923","1860",,
"66016394","2225","427382",
"66016833","1165","6155","6155"
"66017161","824","1957882","2160274"
"66018842","895",,
"66025220","1112","492402","17640080"
"66027106","705",,
"66031479","666",,
"66037663","1554",,
"66045731","2085","24834",
"66051420","696","43645",
"66052643","772","983","983"
"66054303","990","362515",
"66055156","5078",,
"66055880","2547",,
"66059857","350","6701","6701"
"66068221","426","32729","32729"
"66071364","762","8037",
"66072536","485",,
"66073514","2940",,
"66077884","1784","2457","2457"
"66085793","567","2118522",
"66088277","10421","33174",
"66097842","2711",,
"66102359","518","2837",
"66107901","1273",,
"66110223","814",,
"66113900","1947","14083",
"66115597","4399",,
"66116784","1073","5248828",
"66116859","1973",,
"66117548","1703","2059","2059"
"66125945","732",,
"66129469","1407","66941","66941"
"66134691","3187","257","257"
"66135628","2265",,
"66137419","473","0","0"
"66137624","363",,
"66138018","862","0",
"66138393","5349",,
"66142872","774","19619","19619"
"66146725","7365",,
"66146840","3280","12916264","12916264"
"66166628","1296","65673","65673"
"66169649","825","384047",
"66169784","2543",,
"66174071","749","58100",
"66182837","657",,
"66186864","375",,
"66189106","969","489332","489332"
"66189570","528",,
"66194973","494","31381",
"66195744","430",,
"66196058","914","49217","49217"
"66196840","2090",,
"66197007","848","8306",
"66200047","1474",,
"66204705","1442",,
"66205695","1562",,
"66205887","1093","1269","1269"
"66207678","1211",,
"66210309","2042",,
"66212897","2846",,
"66215077","1747",,
"66216251","6480",,
"66216530","1273","14561433",
"66217774","1374","141891",
"66219558","949",,
"66220922","437",,
"66223428","577","782671","782671"
"66224168","1597",,
"66226038","2612","84635",
"66228097","1153",,
"66229891","623",,
"66231107","889","16172997",
"66232137","1692",,
"66233125","7319",,
"66235852","2236",,
"66238026","2272","179179","179179"
"66238146","249","211",
"66243310","2132","266","1964585"
"66245156","1238",,
"66246460","1323",,
"66246590","3723",,
"66247090","222","4654422",
"66247264","2694","1231248",
"66249117","1045",,
"66249361","8494","261","739819"
"66250893","1038",,
"66253518","1013","5721425",
"66257953","2170","9395415",
"66261101","490","0","0"
"66261483","1676",,
"66263526","696",,
"66269729","973",,
"66269877","1539","34093","34093"
"66272717","1436",,
"66273666","2040","3734984",
"66273852","1031","4976","4976"
"66283887","1029","4170","4170"
"66289675","426","156835","156835"
"66290733","1081","5587","5587"
"66292768","1224","10739462",
"66292914","411",,
"66302308","2246","31573",
"66303083","1500",,
"66303168","463","40156",
"66303185","1375","845032",
"66307767","1197",,
"66308908","671",,
"66316156","898","15846826",
"66317184","2843","7198982","7198982"
"66319919","3429","16329","16329"
"66328245","1014","177835",
"66330319","418",,
"66331396","1947","122886",
"66332184","796",,
"66334089","925",,
"66335124","815","64664","64664"
"66335225","327","5605","5605"
"66343052","610","36708",
"66345605","1064","99402",
"66346656","2301","657","657"
"66347644","165","21170","38577"
"66348009","271",,
"66349002","1160","6020",
"66349117","1125",,
"66350687","1063","7453319",
"66358295","2925","512204","512204"
"66358482","2572","712191","712191"
"66358647","1959","39357","39357"
"66359932","333","30739",
"66363214","947","32695","32695"
"66369434","1294","19157","19157"
"66371291","247",,
"66373565","2351",,
"66373831","714",,
"66381035","1179",,
"66381595","2391","12119","13010"
"66391141","880",,
"66392263","957",,
"66393921","949",,
"66395703","1049",,
"66398037","458","1165","1165"
"66398572","4484","643790","1332262"
"66401850","2390",,
"66406760","2932",,
"66406888","5192",,
"66415475","3879","545042","545042"
"66416590","1220","126710","126710"
"66421411","4061","4536",
"66421994","6047","1621","1621"
"66423780","1873","235990","235990"
"66435055","1789",,
"66438446","2521","189399",
"66443640","510",,
"66447777","2177","40678",
"66450348","715","8761","8761"
"66454054","391","33129","33129"
"66457324","852",,
"66457800","1846",,
"66458906","1216","17299",
"66466696","4301",,
"66467337","620",,
"66467794","2063","736488","736488"
"66469887","301","1850",
"66477091","1131",,
"66478606","4943","8442","8442"
"66486023","2071","61905","61905"
"66488258","1322","23530","23530"
"66488430","1076",,
"66491621","643",,
"66492785","1064",,
"66495322","436",,
"66495323","623","8472",
"66496105","2700","970","970"
"66502281","1945",,
"66507163","415",,
"66508810","983","21048",
"66510106","677","12594","12594"
"66511708","774","0",
"66515975","669","85762",
"66516113","3378","30459",
"66517411","525","543",
"66518612","6234","51099","2853965"
"66521958","1925","36615","36615"
"66524359","367","991736","991736"
"66525086","3737","2600",
"66527460","578",,
"66532645","2383",,
"66535956","1949","246590",
"66539322","1666",,
"66544585","322",,
"66546286","3118",,
"66546714","191",,
"66548023","763",,
"66557019","1061",,
"66557588","2343",,
"66559077","1792",,
"66561239","4313","4253","4253"
"66562876","2112","0","0"
"66563656","1813","0","0"
"66563672","950","404746","404746"
"66567784","1177","1335","1335"
"66568117","448","355",
"66575640","1635",,
"66579641","1059","94358","94358"
"66583099","857","12939","12939"
"66583467","335",,
"66584315","676","9008","9008"
"66585031","3982","0","0"
"66587949","1101",,
"66589282","688","49352",
"66589988","2343",,
"66591209","515",,
"66593382","1815","662",
"66598412","8579",,
"66598692","1571","0","0"
"66601165","606","14511576",
"66603038","599",,
"66603423","740",,
"66603902","794","18803",
"66604678","1123",,
"66607157","985",,
"66610588","1677",,
"66611288","126",,
"66611873","754",,
"66613362","2930",,
"66623802","179",,
"66624295","1108",,
"66626814","14129","55860","55860"
"66630437","2523","68962","68962"
"66631985","1061",,
"66642273","1853","53953","53953"
"66643063","1612",,
"66648367","1636","4436","4436"
"66653352","1167","15729",
"66658128","1167",,
"66659957","1122","46314","46314"
"66660548","1083",,
"66676722","1684",,
"66681487","834",,
"66684294","2322","86202","86202"
"66685921","2793",,
"66687561","262",,
"66688305","2612",,
"66688483","173",,
"66688851","1755",,
"66689702","476","1400","1400"
"66691034","1116",,
"66693918","1360",,
"66695946","591",,
"66697454","983","48137",
"66697954","1684","2489","2489"
"66697969","1937",,
"66699492","3449","42548",
"66699962","1210","143843",
"66700275","4164","63798",
"66701420","488","90087",
"66701927","2338",,
"66704228","1327",,
"66704673","2207","6765",
"66706061","1033",,
"66706352","5166","18750","962264"
"66714026","538","17365",
"66715079","2590","3256",
"66721907","1280","170729","170729"
"66724889","1944","2689314",
"66729647","1365","22175","22175"
"66733076","671","26596","26596"
"66733563","1126","4594308",
"66737751","1795",,
"66746952","2370",,
"66747359","2786",,
"66751567","810",,
"66751618","1171",,
"66752048","585","1274","1274"
"66753418","2553","9435","9435"
"66754147","655",,
"66754821","1272","84925",
"66756072","1227","60030","60030"
"66756106","1866",,
"66758734","1523",,
"66762605","1065","16029",
"66763353","1602","1653369",
"66765243","1364",,
"66765867","1619",,
"66776491","5486","181282",
"66777963","882",,
"66778190","1918",,
"66780631","1393","3721",
"66784776","1435",,
"66785552","346","2544",
"66786189","1538","146534","146534"
"66788888","1215","44826","44826"
"66789302","1631",,
"66794178","1063","40692","40692"
"66795753","2049",,
"66796448","1259",,
"66796770","448",,
"66799998","2718",,
"66802438","1378",,
"66803967","665","793",
"66805391","1470","37486","37486"
"66814486","1567","17795","17795"
"66814886","5016",,
"66819932","1086","4328","4328"
"66826065","1036","92797",
"66827663","1028",,
"66828572","247","12016","12016"
"66830251","1582",,
"66832975","2856",,
"66833537","2399","74437",
"66837666","1815",,
"66841349","1352",,
"66841566","2024","21128","21128"
"66846368","6487","3404","3404"
"66846665","1288","688079","688079"
"66850335","483","36291","36291"
"66853218","1158","4374581",
"66853393","1481","5672","5672"
"66853927","2677",,
"66854007","1828","2296","2296"
"66855258","2838","668078","7086598"
"66856060","2502",,
"66856876","3172","275011","275011"
"66857224","1427",,
"66857244","1146","99946","99946"
"66860510","1845","314003","314003"
"66863763","943","11985","11985"
"66864090","824",,
"66864720","1062",,
"66869407","699",,
"66870002","1587","0","0"
"66870072","2100","1012","1012"
"66871691","689",,
"66877085","1202",,
"66877730","3164","4271774",
"66879178","1655",,
"66899758","383","16454","16454"
"66909668","3183","1297","98577"
"66910151","1145","46836","46836"
"66912801","1957","142787","142787"
"66915577","1587",,
"66916180","1214","19976","178506"
"66919337","1412","8355","8355"
"66924180","1941","198765","198765"
"66924775","2928","2970","2970"
"66929605","1079","32322","32322"
"66932761","212","4519",
"66935834","1933","126558","126558"
"66941026","2209","3210160",
"66946732","6324","3314520",
"66948900","1213",,
"66949275","1582","24461",
"66951765","7547",,
"66959989","2497",,
"66962729","275",,
"66963196","2548",,
"66963776","2023",,
"66966223","2124",,
"66967226","2102",,
"66970875","537","292","292"
"66974580","422","516",
"66977221","1717",,
"66980052","2384",,
"66980682","1252","9109",
"66985039","581",,
"66985250","1661","702","702"
"66986900","395","771","771"
"66992201","491",,
"66992758","599","65020",
"66997213","1981",,
"66998192","1404",,
"66998479","1703",,
"66998799","2432","327837","327837"
"66999146","950","776536",
"66999246","675","448",
"67003653","273",,
"67005890","783",,
"67006662","774","61464","61464"
"67011793","866",,
"67012053","1856",,
"67020684","495",,
"67021631","2155",,
"67022531","8091",,
"67023441","5157",,
"67024711","3748",,
"67028195","1526",,
"67030607","1226","39144",
"67045823","285",,
"67048134","15725",,
"67050295","637","55502",
"67051915","1965","34991","34991"
"67052324","2070","153748","153748"
"67066522","898",,
"67067050","471","44012","44012"
"67067410","2444",,
"67076431","618","565452",
"67076668","1363","839","839"
"67077120","821",,
"67082761","4197",,
"67084550","646",,
"67088899","708",,
"67088986","884",,
"67090610","1505","3578","3578"
"67090945","1369",,
"67092147","1882",,
"67097457","1517",,
"67097661","989",,
"67098007","1379",,
"67098364","5274",,
"67100971","1316","1391",
"67102804","2861",,
"67107602","731",,
"67107607","1149",,
"67112383","504",,
"67113188","186","0",
"67122316","969","13410890",
"67122591","404","5219","5219"
"67125551","2925",,
"67131269","390","12200","12200"
"67132301","2207","330","330"
"67132877","1510","3091","3091"
"67134410","1494","18048",
"67136365","1070",,
"67136614","3692","25060","25060"
"67138255","935","3924",
"67140126","1154",,
"67142548","765","59363","59363"
"67142805","933",,
"67147401","435","3262",
"67149135","2130","489640","489640"
"67150314","492","1160","1160"
"67151675","1033",,
"67152446","803",,
"67153831","908","3180","3180"
"67172951","793","11639","11639"
"67176580","185",,
"67177665","1102","80164","80164"
"67179571","668",,
"67181758","26632",,
"67183273","1429","3176",
"67184368","1584","8707863","8707863"
"67189941","3196","1064891",
"67197503","2541",,
"67198124","2837",,
"67198430","880","4035095","4035095"
"67203775","1419",,
"67205529","932",,
"67205769","1715","14007","14007"
"67205920","1583","689","689"
"67214847","3587",,
"67215163","1446","10866",
"67215988","910","1393",
"67216702","461",,
"67216948","2289","1207",
"67218627","359",,
"67218932","527",,
"67220622","1444",,
"67220745","181","0",
"67225772","888","12150",
"67231657","928","118698",
"67232614","1396",,
"67233287","1136","226267",
"67235281","2983",,
"67236520","308",,
"67237408","3985",,
"67238800","485",,
"67240293","907","2903","2903"
"67245306","1897",,
"67245541","1235",,
"67246548","2848",,
"67247752","1042","24881",
"67256956","2451","40246",
"67257142","344","1359","1359"
"67265597","628","7875",
"67266394","2294",,
"67268853","2645",,
"67269674","955","227212","227212"
"67269790","1539",,
"67272903","7765","528399","528399"
"67274198","675",,
"67277159","377","1935",
"67283976","1639","990","990"
"67286517","900",,
"67288526","283","7235",
"67291009","521","29068","29068"
"67295639","428",,
"67295803","1067",,
"67296563","2785","436060",
"67298906","1422",,
"67299006","763","2873",
"67299058","955","21200","21200"
"67302866","1953",,
"67307001","2187",,
"67310163","1245",,
"67317619","2603",,
"67317620","816",,
"67319669","1287","673187","673187"
"67326858","2100","48507",
"67330220","525","25375","25375"
"67330789","3982",,
"67333275","816","2688711",
"67335915","1725",,
"67340283","463",,
"67341811","1372",,
"67342840","1875",,
"67343308","3203",,
"67343466","872","526","526"
"67343722","1182","208265",
"67344181","2458","3183244",
"67344342","703",,
"67347360","1374","13909",
"67347646","340",,
"67348057","1528","142936",
"67349260","1491","1116",
"67353453","1377",,
"67359225","886","0","0"
"67361592","4323","30709","30709"
"67368005","692","9084118",
"67368724","4690","113306","113306"
"67368832","941","5654",
"67377747","689",,
"67385568","1147","0","0"
"67386533","765","66061","3716833"
"67386920","985",,
"67386986","1083",,
"67387808","4547",,
"67389728","1305","28211","28211"
"67389957","661","1741",
"67404703","3043","10260",
"67405123","908","103443","103443"
"67407782","441",,
"67412139","1037",,
"67417989","1077",,
"67426632","2117",,
"67430449","736",,
"67431624","3708",,
"67432420","1570","118182",
"67434351","1112",,
"67435532","1480","66452",
"67438059","592","93483",
"67438243","872",,
"67438872","1494","872303","872303"
"67439819","1479","334659",
"67440780","1939","702","702"
"67453059","1960",,
"67453640","2069",,
"67453792","517",,
"67454699","1829",,
"67456551","5168","9139","9139"
"67457510","1548","58530",
"67468108","1582",,
"67470928","946","11771","11771"
"67472935","1621",,
"67474915","2663",,
"67475914","2166",,
"67486910","4017",,
"67487141","1006",,
"67488957","853",,
"67492037","1751",,
"67493996","2232","382552",
"67494391","1727",,
"67496347","598",,
"67496398","541",,
"67500080","909",,
"67501652","1157",,
"67503656","1455","4003","4003"
"67507373","956","61223","61223"
"67509818","1660","39972","39972"
"67513862","308","2783614",
"67516571","1289","101385",
"67516898","1645","99486","99486"
"67523882","591","0","0"
"67531606","1022","2488","2488"
"67534086","1755","2202",
"67534479","1546","380","380"
"67534499","586",,
"67538504","2207",,
"67540626","792","2925","2925"
"67541901","1327",,
"67543422","541",,
"67543706","1853","7620195",
"67546814","4019",,
"67547801","5706","3491","3491"
"67549322","1079","946","946"
"67549374","2609",,
"67550727","2566",,
"67551682","154",,
"67551858","837",,
"67553676","2198",,
"67554351","1215","1231","1231"
"67559294","1429",,
"67563517","2611",,
"67569030","604",,
"67577655","898","347",
"67586339","153",,
"67589973","799",,
"67590847","836","579",
"67591231","753","11814",
"67592818","3396","288276","288276"
"67593012","2259","3882",
"67594211","4639","508088",
"67603580","1115","91010","91010"
"67604004","356",,
"67604963","4262",,
"67608583","801",,
"67608874","353",,
"67610344","407","63528","63528"
"67615130","520",,
"67618610","1225",,
"67619624","1246","68599",
"67625230","1922",,
"67627508","1341",,
"67630726","843",,
"67634105","1548",,
"67636290","1016","3832",
"67637494","3329",,
"67638634","1227",,
"67641175","4722",,
"67642494","1032",,
"67643381","3468","478577","478577"
"67645636","1745","794",
"67646076","1192","25510",
"67646919","4067",,
"67648319","2356","9633","9633"
"67648714","1096",,
"67650465","3041",,
"67653504","1085","47852",
"67654563","2123","6547","6547"
"67655302","1352",,
"67661510","1990",,
"67665951","1624","1429",
"67667472","770","3998","3998"
"67668006","300","409",
"67670059","2382","31543",
"67670107","2884",,
"67670801","405","747",
"67676071","2842",,
"67681495","1007",,
"67684764","532",,
"67685075","394",,
"67686405","4945",,
"67687525","1908","45045","45045"
"67700734","2037",,
"67703161","2823","183977","183977"
"67703196","2615",,
"67704057","424",,
"67705374","565","6446","6446"
"67707244","735","28523","28523"
"67707313","1487","972","972"
"67709439","770",,
"67710879","323","2557","2557"
"67713132","794",,
"67716915","616",,
"67717380","1140","1647","1647"
"67718133","942","39834",
"67719316","2687",,
"67719416","1032","8196",
"67720527","4382","83390",
"67721399","562","361","361"
"67721852","1869","1400","1400"
"67724715","2213","3535977","3535977"
"67729309","449",,
"67730212","2237",,
"67731610","302",,
"67733762","3427","32341",
"67741689","1999",,
"67743583","749","111871","111871"
"67748017","1100","9444029",
"67751378","1500",,
"67754606","2301","1577","1577"
"67756549","400",,
"67758104","1932",,
"67758241","1956","773","773"
"67760308","458",,
"67761765","334","3783702","3783702"
"67770726","1198",,
"67772610","440",,
"67773964","1700","3534","3534"
"67774480","2239",,
"67779861","792","401681",
"67786526","1481",,
"67788581","2107",,
"67791130","1182",,
"67791438","1585",,
"67794007","1453",,
"67800532","2956","524527","524527"
"67800998","1776","26607","26607"
"67801736","583",,
"67804286","659","8936",
"67807769","180",,
"67807939","1663",,
"67812895","1080","2781",
"67820855","818",,
"67822339","478","3337",
"67826558","3221","10955",
"67831018","2010","79320","79320"
"67836184","1997","8098",
"67838995","885",,
"67843851","1234",,
"67844111","815","940832",
"67852373","1328",,
"67857159","2767",,
"67858974","719","10635","10635"
"67861379","4858","4544","4544"
"67862219","3240",,
"67865682","869","8797747",
"67868483","348",,
"67868501","1446","9912172",
"67873508","1817","5265",
"67874911","3350",,
"67876177","3741","9791","9791"
"67878177","934","38277","38470"
"67878937","2607","34394",
"67879897","847","6321","6321"
"67888463","1221","870702","870702"
"67890631","148","1464",
"67892543","2057",,
"67893942","4455",,
"67901574","4004",,
"67909742","10593",,
"67914388","1086",,
"67916981","1148","6634","6634"
"67919005","1308",,
"67919168","634",,
"67920922","1037",,
"67921555","1460",,
"67924271","3489",,
"67928075","2104",,
"67928270","723",,
"67928356","405",,
"67930876","1901","8092","8092"
"67932502","432",,
"67932898","580","34533",
"67935703","1911",,
"67935975","2925","11932","11932"
"67937238","1630","1021987","1021987"
"67937964","562",,
"67940141","626",,
"67941070","1771","369",
"67941770","3841","324762","324762"
"67944625","212","60327",
"67946370","888",,
"67949370","1259","11741",
"67957150","1736","582","582"
"67958585","2254",,
"67958713","1323","89446",
"67959657","2730","4721","4721"
"67964110","2207","193592","193592"
"67972124","1588","32734","32734"
"67973057","716","7780",
"67974780","2977","310584",
"67975586","1141","946068","946068"
"67984172","1666","4363423",
"67984307","571","34426",
"67989505","1755",,
"67990327","951",,
"67994362","864",,
"67996191","1877","5153","5679"
"67996484","1361","10582","10582"
"67999224","1866",,
"68005219","1686","6021146","6021146"
"68005401","1161",,
"68007351","1544","312612",
"68008181","396","3420",
"68011071","2294","509986","509986"
"68012948","2390",,
"68014479","1374",,
"68015400","1498",,
"68015878","2763",,
"68016074","1065","348402","348402"
"68017828","878",,
"68018990","1498","151731","151731"
"68019263","630","270",
"68019866","1952","19275","19275"
"68027331","3767","28272","28272"
"68032967","1318",,
"68033055","561","13424","13424"
"68033557","715","9255",
"68034362","2435","8946",
"68043974","1699",,
"68044452","655","119740",
"68045615","1051","167252",
"68046269","2617","189490","189490"
"68046543","1717",,
"68048236","1374","669",
"68048790","871","770744","770744"
"68049266","395",,
"68056394","838","1604","1604"
"68057009","1899",,
"68057744","1148","1129569",
"68058223","1754","77312",
"68060611","1287",,
"68061051","451","46668","46668"
"68061854","1252",,
"68068842","469","305","305"
"68070211","507","1239","1239"
"68077956","7811",,
"68078004","788","2759","2759"
"68081067","703","5035611",
"68088717","851",,
"68088974","2697","1127",
"68089713","765",,
"68092207","431",,
"68092868","1790","22532","22532"
"68095586","1078","1971","1971"
"68095682","8578",,
"68102387","863",,
"68105083","516",,
"68105988","2303",,
"68108398","1578",,
"68110013","703","29309",
"68117645","1446","40814",
"68118847","380",,
"68119012","646","64170",
"68119274","1897","7559128",
"68121779","1161",,
"68132791","904","773644","773644"
"68133367","271","199493","199493"
"68133628","520","5345","5345"
"68135266","8745","554027","864036"
"68136219","1721","244860",
"68141551","522","22408","22408"
"68143486","1467","198229","198229"
"68147899","98","4424",
"68150342","486","8126",
"68156787","1224",,
"68157492","1012",,
"68161297","509",,
"68161639","1499",,
"68163287","366",,
"68165224","6368","6149","6149"
"68167470","1129",,
"68168065","4908",,
"68168185","1454",,
"68169062","7303","20351",
"68169901","3071","234256","234256"
"68178541","1664",,
"68179427","537",,
"68179665","116","807","807"
"68182694","1291",,
"68187987","534","24146","24146"
"68188503","171","28233",
"68192755","314","79099",
"68195161","1316",,
"68200671","2795",,
"68206464","386","0","0"
"68208870","4425","6611091",
"68211116","193","8886",
"68211182","176","12956","12956"
"68213796","1822",,
"68222145","2264",,
"68223024","2050","7148",
"68227475","480",,
"68229358","744",,
"68229897","1534",,
"68232076","262","162967","162967"
"68232729","342",,
"68233283","1035",,
"68233506","916",,
"68234568","1346","16370",
"68243295","538","31742",
"68244484","514","7808","7808"
"68245374","1677",,
"68247476","196","450498",
"68247568","1737","61309",
"68249660","8987",,
"68253588","1584",,
"68253745","1608",,
"68253908","2078",,
"68254741","1266",,
"68255301","732","0","0"
"68257594","9233","3294","3294"
"68259843","1096","1063",
"68260307","2508","67155","67155"
"68260403","1724",,
"68260575","2819",,
"68262326","1473",,
"68268535","252","12913",
"68269467","963","7632",
"68272303","1390",,
"68275321","2293","262010","262010"
"68277482","5552",,
"68277818","495","831","831"
"68280928","1227",,
"68283463","987","448415","448415"
"68288165","1985",,
"68292638","1045",,
"68292797","1229","28545",
"68296874","2816","4711",
"68297311","1334",,
"68299251","751","1077",
"68300066","4395","100231",
"68301338","2618",,
"68303446","2311",,
"68303502","1180","63804",
"68304859","1513",,
"68304888","2565",,
"68310886","2144","61215",
"68316957","2799","24611",
"68317233","1085","1709","1709"
"68322599","12199","214456",
"68327652","5266","21331",
"68336078","575","10056",
"68346302","2267","460","31201"
"68349031","460","790",
"68351321","1250","2718",
"68355482","2513","14827",
"68355527","538",,
"68356013","502","11326",
"68356181","542","8598","8598"
"68359149","1644",,
"68359168","2265",,
"68361541","447",,
"68362326","2057",,
"68362490","2464",,
"68362775","785",,
"68364158","575",,
"68364497","1834",,
"68367043","2144","46240","46240"
"68367787","1628","71796",
"68372063","3487","79091","79091"
"68373383","885","2943","2943"
"68373884","1873",,
"68374658","1173","15549","15549"
"68378046","926",,
"68378122","4046",,
"68379970","624","629199",
"68381640","1200","6584","6584"
"68382898","315","6060",
"68383826","6375",,
"68384344","629","253831","253831"
"68386925","1063",,
"68388484","743","4557","4557"
"68393727","1543",,
"68394954","1741","25845","25845"
"68396142","389",,
"68399221","699","68797",
"68400122","265",,
"68400719","873",,
"68400810","472",,
"68403494","376",,
"68407608","5182","884029","884029"
"68407938","2067","14480","14480"
"68410854","2981","13185","13185"
"68412805","733","141071",
"68412832","786","25185","25185"
"68415118","893","221571","221571"
"68415575","1864","622",
"68418857","1065",,
"68420978","2121",,
"68422510","2201",,
"68425655","859",,
"68427503","1117","6052",
"68430171","1017","14031",
"68435485","1351","631",
"68439803","2328","3455","3455"
"68440447","1002",,
"68441903","449","9058","9058"
"68442666","894",,
"68443892","567",,
"68446340","1828","749",
"68446483","604","37844","37844"
"68448103","358",,
"68450173","746","33755",
"68452857","6149",,
"68453615","649",,
"68453762","291","586096",
"68458188","5230","2598",
"68460667","3236",,
"68462262","1077","64030","64030"
"68464192","858",,
"68465017","348",,
"68467975","1811","1272","1272"
"68468306","1312",,
"68469933","840","1297",
"68470162","131","192400",
"68472899","1428",,
"68478949","1318",,
"68479246","206","919",
"68480591","1544",,
"68481414","866","1080","1080"
"68481561","522",,
"68483660","397",,
"68486870","675",,
"68487345","1973","3496",
"68487892","999",,
"68488039","1083",,
"68488143","1271","161",
"68489194","669",,
"68490228","473",,
"68490668","2208",,
"68491523","1097",,
"68493813","810",,
"68500021","220","2641","2641"
"68501902","3512","102650","102650"
"68505380","651",,
"68505719","2138","9819",
"68507921","410",,
"68509300","873","2854","48030"
"68511929","1681",,
"68516559","2336","12883","12883"
"68520724","647",,
"68521637","734",,
"68521765","691","62358",
"68522393","4110","171993",
"68524015","955",,
"68527897","3733","8169",
"68528006","1018","7154",
"68534065","2254",,
"68537148","2375",,
"68540236","342","668",
"68541016","1699","196962","196962"
"68542499","1805",,
"68545887","751","5463151",
"68548158","1626","58757",
"68548344","7718","573881","573881"
"68548671","866","54349",
"68549572","1239","2548",
"68553164","1428","4852","4852"
"68553401","1639","19248",
"68557487","1448","340849",
"68562528","1065","13600","21269"
"68570216","409",,
"68570247","590","6033","6033"
"68573888","683",,
"68575130","697","4365","4920"
"68578638","349","1216233",
"68578816","596",,
"68580506","471","51209","51209"
"68581660","4319",,
"68581863","3354",,
"68584430","2892",,
"68590575","2720","89760","248001"
"68592304","784",,
"68595105","1183",,
"68597539","1486","451325","451325"
"68598455","1410","29770","29770"
"68598910","432","29359",
"68601763","1290",,
"68603006","1424",,
"68607702","3002","21390","21390"
"68608324","3126","90865",
"68610772","1527","19408",
"68610899","1957",,
"68614368","2079",,
"68615277","774",,
"68621642","1946",,
"68621961","6215",,
"68623186","2113","88953","88953"
"68627451","1067",,
"68627812","398","344","344"
"68628352","806","22367","22367"
"68629971","514","13748","13748"
"68630496","1170",,
"68630986","338","113793",
"68633485","3791","26918","26918"
"68634476","2032",,
"68634487","2625",,
"68635370","698","6252",
"68638901","2199",,
"68639588","1528","11815",
"68640102","1484","39237",
"68642739","927",,
"68643564","1271","406948",
"68644905","2961",,
"68650040","410","463780",
"68651777","303",,
"68652681","1856",,
"68653951","3094",,
"68659555","1434","6199",
"68659578","537","18916","18916"
"68660069","434",,
"68660589","450","5987","5987"
"68662824","850",,
"68662833","2724",,
"68665288","2663",,
"68665919","698","-17981",
"68666629","994","1806",
"68670027","429","1806",
"68680491","589","290226",
"68681029","714","520917","520917"
"68681481","620",,
"68682406","1497","6515",
"68688109","3559",,
"68688650","365",,
"68691293","2207","8442",
"68692017","2485","17648","17648"
"68692337","2427","411134","411134"
"68695525","3569",,
"68697730","178",,
"68703650","600","0",
"68704314","1960",,
"68705337","1187","2411",
"68705363","659","1241999",
"68706014","1578","304","304"
"68708792","827",,
"68709556","3256",,
"68710242","2539","31963","31963"
"68713456","327",,
"68715190","1225",,
"68716831","3684",,
"68719241","882",,
"68720211","1363",,
"68722381","1146",,
"68723108","527",,
"68726513","947",,
"68727457","512",,
"68728013","780",,
"68731981","1592","1",
"68732050","2102",,
"68732881","1885","12239",
"68737385","448","413",
"68738991","2042",,
"68742555","599","14122","14122"
"68743627","272",,
"68744017","1557",,
"68745429","1678","234","234"
"68749487","225",,
"68753514","2099","8732",
"68754709","992","5033","5033"
"68756569","3749","15848","15848"
"68757416","613","2224","2224"
"68759500","3633","522",
"68759913","855","40586",
"68759990","1646","2325744",
"68760787","940","36171","36171"
"68761153","837",,
"68761615","2470",,
"68766725","1695","18571",
"68767043","1566",,
"68774060","560","829","829"
"68775512","7082",,
"68775859","1320",,
"68777354","501","128","128"
"68781414","390","1484428","1484428"
"68784052","515","53577","53577"
"68786435","1775",,
"68787064","415",,
"68787117","4588","3147446",
"68787401","1118","772547",
"68787460","3128",,
"68787542","181",,
"68793036","621",,
"68793822","8756",,
"68794334","2734",,
"68795647","2766","31016","31016"
"68800915","273",,
"68802042","1373",,
"68802405","738",,
"68802802","5321","6315","6315"
"68804462","846","18163",
"68804484","785",,
"68805001","377","15634","15634"
"68808854","2320","1220","1220"
"68811035","2145",,
"68812228","3813","314924","314924"
"68814071","611","39369",
"68814820","709",,
"68825333","1862","8723",
"68825992","1771","8611","8611"
"68826168","886",,
"68826854","443",,
"68830439","2148","3734239",
"68830885","2110","506","506"
"68831719","1641","1203",
"68832209","1433","48410","48410"
"68833167","1630","1735","2210"
"68837404","2342","93668","93668"
"68844666","879",,
"68844796","376",,
"68848130","2068",,
"68848296","1525","1108",
"68848813","119","1203705",
"68849506","1620",,
"68850682","623",,
"68852062","1705","602378",
"68854649","1018",,
"68859843","1635","87874",
"68860511","1500","0","0"
"68863034","2585","104198",
"68865334","2053","92693","92693"
"68869010","1180","756",
"68873088","7719","3056","270541"
"68875124","1905","5830",
"68876034","784",,
"68882451","741","51653","51653"
"68882674","474","0","0"
"68884868","887",,
"68884974","1394","10469",
"68887414","549","20883",
"68887428","3669","26907",
"68890603","1738",,
"68890835","1758","1382715","1382715"
"68891029","1829",,
"68892036","531",,
"68892108","2539",,
"68893439","699",,
"68896173","1038",,
"68897598","1923",,
"68901420","3275",,
"68903256","4332","39856",
"68904565","3576","108721",
"68908832","3231",,
"68909767","3476","18806","18806"
"68911848","638","870",
"68912645","567","3641","3641"
"68915774","1068","118591","118591"
"68917546","4874","826646",
"68924533","1642",,
"68924608","1713","60",
"68926684","1635","5989","5989"
"68926834","2989",,
"68928595","1950","29178","29178"
"68929203","466","20086","20086"
"68929811","3152","4689",
"68931179","2116","13521",
"68932854","968","5630","5630"
"68934041","1153","5176","5176"
"68934245","2330",,
"68935171","1322",,
"68938010","5538","55618","55618"
"68938339","1818",,
"68938451","961","5933",
"68939160","1115",,
"68940030","1373","11245","11245"
"68940038","879","9729","9729"
"68941461","732",,
"68944807","488",,
"68945123","286",,
"68945610","1182","47151","47151"
"68949223","1106","22296","22296"
"68949440","464",,
"68950823","1138","13621","13621"
"68953355","120",,
"68955577","3085",,
"68956001","1427",,
"68956334","776","275",
"68956675","775","1717",
"68959227","3888","3350",
"68960179","1159","7256","7256"
"68960241","1656","205834",
"68967564","283","141501","141501"
"68967708","4051",,
"68978306","4720","21579","21579"
"68984138","1767",,
"68984733","269",,
"68987414","1754",,
"68990281","1218",,
"68994484","1451","1831","1831"
"68995248","1303","75644",
"68995356","401","1137","1137"
"68995696","3278",,
"68997002","907","2118","2118"
"68999757","707","4627","4627"
"69000648","993",,
"69003444","7553",,
"69004608","986",,
"69004673","833","485","485"
"69005490","1628",,
"69005895","1938","17084","17084"
"69006482","4153","33101","33101"
"69009239","540","22071","22071"
"69011832","1606","1358","1358"
"69014742","1886","514","150268"
"69015886","1639","4321",
"69017410","650",,
"69020330","627",,
"69020880","705",,
"69023226","1108","82714",
"69024001","745",,
"69028429","398","374841","374841"
"69034292","1470","1403","1403"
"69039346","1596",,
"69040672","1305","6373","6373"
"69043259","3143","6005","258815"
"69048923","2365","7697",
"69049182","1157","0",
"69049398","1121",,
"69049435","1069","228926","228926"
"69049802","430",,
"69049813","2403",,
"69049948","578",,
"69053786","2013",,
"69055301","2553",,
"69057720","533","27014","27014"
"69062439","5080","111537",
"69063452","2175","0","0"
"69066727","3822","184880",
"69068467","1059",,
"69070244","1274",,
"69070676","2054",,
"69070754","1360","193","193"
"69072795","1367","371802",
"69076098","713","21092",
"69082517","939",,
"69083341","976",,
"69084382","176",,
"69087066","2786",,
"69088200","1080",,
"69095007","1138","1342166",
"69097834","437","16125",
"69097936","382",,
"69099977","1285","18421","18421"
"69104105","947",,
"69105449","1387",,
"69106615","969","232",
"69107683","773","1831",
"69108029","991",,
"69108420","4912","5163","5163"
"69108593","12806","1171",
"69110361","2373",,
"69110525","1829","63715","63715"
"69111009","155","593612","593612"
"69115785","407",,
"69116806","1033","29650","29650"
"69117730","2147",,
"69118749","2167",,
"69124354","1960",,
"69124563","1347",,
"69124620","2560",,
"69124996","887",,
"69126323","5384",,
"69131314","2349",,
"69131768","350",,
"69133739","1196","249615",
"69138480","22607","1944","1944"
"69143590","3470","335003",
"69145775","613","209",
"69148699","898",,
"69149159","3118",,
"69151603","2898",,
"69152667","855","12812",
"69155519","4208","2997",
"69156213","791","2191",
"69156692","5600","269004","1157369"
"69156815","1146","16344",
"69157604","882","1693",
"69160360","1556",,
"69160610","6691",,
"69162554","671",,
"69164423","1176","999",
"69166054","1664","2399",
"69167493","1147","288",
"69167656","6298","988","988"
"69169371","348","2568",
"69174677","915","704",
"69177488","922","166189","166189"
"69177861","841",,
"69178167","2799","18080","64788"
"69182773","2212","22806",
"69185496","1418",,
"69189261","1184",,
"69190412","1166","12923",
"69190474","1150",,
"69190854","3182","7593","7593"
"69193883","1227",,
"69198455","1020",,
"69198734","296","137","413"
"69198886","785","3252","3252"
"69203588","4074",,
"69203666","2903","1287",
"69204872","1659","1143","1143"
"69210606","545","21645",
"69211469","1635",,
"69211983","286","0",
"69213522","644","5664","5664"
"69220694","1535","1965",
"69223474","413",,
"69225852","2851","279331","279331"
"69239179","681","25325","25325"
"69241264","936","43051",
"69241780","748","1630",
"69243571","482","0","0"
"69247059","335",,
"69250165","1600","8408",
"69250994","3206","731045","735949"
"69252289","3749",,
"69252759","764",,
"69257912","4199",,
"69259432","1008","450","450"
"69260105","2037","641","641"
"69260199","634",,
"69260761","740",,
"69261030","3226",,
"69276890","3343",,
"69284830","6987",,
"69289306","621",,
"69290334","3612",,
"69292293","1005","284222","284222"
"69293143","1155",,
"69293746","9144",,
"69294127","3363","178687","178687"
"69296314","192",,
"69299283","297","8058",
"69299781","365","838","838"
"69300452","968",,
"69305335","1650",,
"69309694","2180",,
"69309892","1180",,
"69312878","706",,
"69313079","2165",,
"69314615","1991","26117",
"69316044","1404","247829",
"69319459","650",,
"69320655","549",,
"69334382","1069","7003","7003"
"69340880","2186","1037",
"69342978","237","8497",
"69343233","1353",,
"69343777","244",,
"69348532","523",,
"69349455","1440",,
"69349971","640","54344",
"69350407","4517",,
"69352459","1040","6380",
"69353957","672","0","0"
"69354003","856","1529","1529"
"69355813","3221",,
"69355901","4415",,
"69358222","2383",,
"69358671","1955",,
"69360853","1460","2441","2441"
"69362490","1419",,
"69362857","2499","5335",
"69365200","2455",,
"69365961","843","55036","55036"
"69366541","6490",,
"69366700","155","377","377"
"69367413","375","159",
"69368262","758","10654","10654"
"69369569","616","1076","39326"
"69371376","667","6430",
"69372186","891","0",
"69372311","759",,
"69376112","315",,
"69381406","9119","136",
"69384549","1386",,
"69385940","3711",,
"69385983","369",,
"69387276","378","1700",
"69388161","1410","440","440"
"69388466","283",,
"69389111","1115","11810",
"69390914","2171","6243","6243"
"69391195","1058",,
"69392853","1494","3160","3160"
"69393787","1370","924","924"
"69395116","1655",,
"69395240","1752",,
"69395660","1949",,
"69396004","2840",,
"69396229","441","1799",
"69397166","742",,
"69399814","987",,
"70192880","624","31017","44654"
