"id","view","favorite","score","ans_count"
"52953357","7109","9","24","2"
"53614077","714","1","3","1"
"54176763","247","0","0","1"
"54242014","72","0","1","1"
"54310050","3925","2","9","4"
"54483260","2548","1","8","2"
"54503807","1925","0","5","1"
"55110729","13397","15","42","6"
"55657835","5025","1","11","2"
"55689140","55","0","1","2"
"55889914","231","0","4","2"
"56030316","510","1","3","2"
"56435547","9916","3","23","4"
"56600686","468","0","5","2"
"56726429","12310","2","15","1"
"57115520","8338","2","17","2"
"57154156","172","0","1","0"
"57498605","9459","9","51","2"
"57503578","1512","6","5","1"
"57509118","550","0","3","1"
"57510530","1474","1","5","1"
"57535226","188","0","2","1"
"57549222","229","1","5","1"
"57549439","15727","5","35","2"
"57549851","355","1","2","1"
"57570355","671","1","0","1"
"57583915","211","1","1","2"
"57597367","4941","4","12","1"
"57612428","3255","2","16","2"
"57639507","436","1","3","1"
"57683827","637","1","2","1"
"57683943","565","1","9","1"
"57685065","1512","2","7","4"
"57687369","1360","2","4","1"
"57694335","648","0","0","1"
"57695362","1713","2","7","4"
"57699839","5572","5","18","3"
"57711558","4514","3","13","5"
"57715637","429","0","1","1"
"57719605","3676","1","22","4"
"57720484","115","1","1","1"
"57741805","1220","0","4","1"
"57792224","1796","1","4","1"
"57797061","53","2","2","0"
"57806624","5015","2","14","1"
"57808152","1499","1","4","3"
"57810623","2346","0","6","1"
"57813416","67","0","1","1"
"57819539","4041","11","20","1"
"57822227","367","0","0","1"
"57827703","1993","1","2","4"
"57830375","8168","1","7","1"
"57835401","300","3","2","1"
"57839505","665","0","1","1"
"57839795","788","0","0","2"
"57850553","4762","0","8","3"
"57860886","1238","3","2","1"
"57871211","2122","0","3","1"
"57886790","1873","3","9","2"
"57889622","525","0","2","1"
"57889719","7976","8","26","6"
"57903836","4079","1","6","1"
"57912257","385","0","0","1"
"57914734","1415","0","0","2"
"57915791","3896","2","17","2"
"57916983","346","2","6","2"
"57921401","7737","6","17","2"
"57927115","7752","8","32","6"
"57946173","3053","9","25","1"
"57963374","392","0","4","1"
"57965588","955","1","5","1"
"57968497","10369","8","34","1"
"57975340","442","0","5","1"
"57982945","16933","2","76","1"
"57989481","4283","0","7","2"
"57989790","984","3","5","2"
"57990670","238","0","0","1"
"58018179","1118","2","4","1"
"58025217","1626","0","4","1"
"58026218","337","1","8","1"
"58033366","35386","21","61","13"
"58035886","441","0","1","2"
"58061430","502","0","4","1"
"58065468","213","0","1","1"
"58072123","137","1","2","2"
"58084016","106","0","1","0"
"58118395","2203","0","5","4"
"58125659","2356","0","7","4"
"58131021","50","0","1","1"
"58136102","3616","0","11","2"
"58137141","263","0","2","2"
"58139175","5850","1","14","2"
"58139406","10776","13","46","4"
"58177786","10212","9","32","4"
"58181236","248","0","2","3"
"58184822","776","1","7","2"
"58214572","377","1","6","1"
"58221321","1093","1","6","2"
"58222386","1105","1","5","1"
"58226636","785","1","3","1"
"58226756","3679","2","8","4"
"58242357","1508","0","5","2"
"58254332","788","1","2","0"
"58257140","1713","1","9","1"
"58257891","109","0","2","1"
"58281558","211","0","2","2"
"58281736","334","0","1","0"
"58282791","1854","2","10","3"
"58283362","1062","2","4","1"
"58290195","81","0","1","0"
"58307570","243","0","2","1"
"58311847","835","4","2","1"
"58318057","92","0","0","1"
"58338425","70","0","1","1"
"58342284","158","0","0","1"
"58347469","150","0","1","1"
"58347746","614","1","1","1"
"58350578","1225","4","3","1"
"58352402","6654","0","2","1"
"58353392","505","0","0","2"
"58362374","1205","1","5","4"
"58373698","42","0","0","1"
"58423725","412","0","1","1"
"58430182","2060","1","4","2"
"58457140","3931","2","21","2"
"58465057","2716","7","16","1"
"58467939","2562","2","7","2"
"58468495","1254","4","6","1"
"58475748","2788","1","12","1"
"58476228","1819","1","5","2"
"58483954","66","0","1","1"
"58489875","852","0","3","1"
"58516181","559","0","2","2"
"58559074","3032","0","3","2"
"58597010","462","0","5","1"
"58608659","708","0","3","3"
"58611841","749","1","5","2"
"58620684","48","0","1","1"
"58630097","899","0","1","1"
"58643905","1965","0","3","2"
"58654530","2714","1","9","1"
"58675200","1946","3","5","2"
"58687814","176","1","1","2"
"58694624","428","0","2","1"
"58696291","118","0","0","1"
"58721838","224","0","3","1"
"58724883","149","0","1","1"
"58737785","2693","1","9","3"
"58738070","1632","0","4","2"
"58738351","440","0","1","1"
"58750758","276","0","0","1"
"58758205","47","0","-1","1"
"58766278","322","0","1","1"
"58771701","537","0","0","1"
"58789808","249","0","0","1"
"58798886","2194","0","8","1"
"58799342","385","1","5","0"
"58808690","386","0","2","2"
"58822380","33","0","0","1"
"58849770","6769","0","15","1"
"58858429","3068","1","23","1"
"58858629","242","0","1","1"
"58860769","1534","2","11","2"
"58861573","143","0","0","1"
"58862864","2048","6","10","3"
"58871955","1250","0","0","3"
"58877569","782","1","2","2"
"58883811","1258","1","7","1"
"58884408","312","1","3","1"
"58886293","9726","1","11","3"
"58894197","233","0","0","2"
"58895283","1321","1","2","2"
"58899171","332","0","1","2"
"58899239","91","0","0","2"
"58903378","262","0","2","1"
"58912698","179","0","0","1"
"58913512","343","1","1","2"
"58920140","466","0","1","1"
"58921029","728","0","3","1"
"58930529","2371","2","3","1"
"58933155","7692","6","18","7"
"58933795","306","0","0","1"
"58934735","305","0","0","1"
"58934903","875","0","4","1"
"58938153","360","0","1","1"
"58947282","404","0","0","1"
"58954246","429","3","4","0"
"58955206","205","0","0","1"
"58955637","409","1","1","1"
"58955666","141","0","1","1"
"58970478","285","1","1","1"
"58975112","185","0","0","1"
"58975181","1202","2","5","1"
"58976112","432","0","1","2"
"58979125","56","0","0","1"
"58981442","391","0","5","1"
"58987363","287","0","4","0"
"58993206","38","0","0","1"
"58997638","1239","1","3","1"
"59002555","35","0","0","1"
"59004102","40","0","1","1"
"59010890","132","0","7","0"
"59016639","41","2","2","1"
"59020994","247","1","3","2"
"59028844","1668","0","7","1"
"59038991","10","1","1","1"
"59046480","987","0","1","2"
"59049312","29","0","0","0"
"59052527","178","0","2","1"
"59056787","155","0","1","1"
"59060710","318","0","0","1"
"59073731","2994","2","12","1"
"59073850","35","0","1","1"
"59073941","60","0","1","1"
"59077079","1508","2","6","3"
"59086443","222","0","1","1"
"59086799","490","0","1","2"
"59087777","220","0","3","1"
"59090929","904","0","3","2"
"59091575","185","0","2","1"
"59091854","180","0","4","1"
"59093341","328","0","7","2"
"59095635","50","0","0","2"
"59111746","1033","1","2","1"
"59117686","134","0","1","1"
"59126442","818","0","0","1"
"59127258","1433","0","5","2"
"59129208","914","3","8","3"
"59137962","254","0","2","1"
"59142387","628","1","4","1"
"59143065","458","2","2","2"
"59145302","186","0","1","1"
"59166099","1303","0","5","4"
"59169648","47","0","2","1"
"59175332","3561","2","12","2"
"59180385","2958","2","7","1"
"59180854","135","0","0","2"
"59184288","625","1","5","1"
"59184730","216","0","2","1"
"59189482","112","0","0","0"
"59191913","3192","1","4","2"
"59201839","1796","0","2","1"
"59203704","3036","4","10","3"
"59207134","412","0","1","2"
"59209383","499","0","0","1"
"59219569","23","0","0","1"
"59219929","239","0","0","0"
"59221104","19","0","0","0"
"59223764","276","0","1","0"
"59228874","320","0","1","2"
"59230600","34","0","0","1"
"59230841","352","0","1","1"
"59234655","422","0","2","2"
"59236611","541","0","2","1"
"59240304","211","0","0","1"
"59240365","657","3","5","1"
"59240520","26","1","1","1"
"59241249","7131","5","29","3"
"59251404","50","0","0","0"
"59259783","373","1","1","2"
"59261555","259","0","0","1"
"59265856","34","0","0","0"
"59268491","393","0","1","1"
"59269850","3144","3","12","2"
"59271919","1679","0","1","2"
"59272661","75","0","1","0"
"59276447","492","0","1","2"
"59277387","98","0","2","0"
"59288971","1174","0","0","1"
"59295795","116","0","0","2"
"59302035","1949","0","4","1"
"59306013","225","0","0","1"
"59313581","536","1","2","1"
"59313933","192","1","1","1"
"59319281","749","0","6","3"
"59340230","54","0","1","1"
"59344869","407","0","4","3"
"59349905","562","0","2","1"
"59356518","1500","1","4","4"
"59360209","27","0","0","0"
"59361798","554","0","2","2"
"59363727","307","1","3","2"
"59377479","25","0","0","0"
"59380325","327","0","1","2"
"59399061","2407","0","0","1"
"59405579","62","1","2","1"
"59408320","1573","3","4","1"
"59409914","76","0","1","0"
"59413096","1682","0","2","1"
"59414112","681","0","3","4"
"59419302","774","0","0","1"
"59429334","333","1","1","0"
"59429622","2112","0","3","3"
"59439380","504","0","3","1"
"59445842","221","0","1","1"
"59447822","374","0","2","1"
"59466378","580","0","2","1"
"59471099","1152","0","4","1"
"59474920","150","1","2","1"
"59476491","839","2","2","1"
"59481225","208","0","0","1"
"59481933","5721","5","17","2"
"59499899","315","0","7","1"
"59507057","245","0","-3","1"
"59513894","545","1","2","1"
"59518627","361","0","0","2"
"59518658","1352","0","4","2"
"59518665","666","0","2","1"
"59522374","515","0","0","1"
"59529042","2476","1","17","1"
"59532176","648","0","4","2"
"59533930","359","1","1","1"
"59535544","1971","2","5","0"
"59538441","84","0","3","1"
"59541686","86","0","0","1"
"59543903","1476","1","1","1"
"59547481","406","0","3","1"
"59548513","165","0","0","1"
"59553685","572","0","1","2"
"59553706","55","0","0","1"
"59559615","404","0","0","1"
"59560214","1746","1","10","0"
"59563916","158","0","0","1"
"59566458","417","1","0","1"
"59571500","589","0","1","1"
"59571536","135","0","0","2"
"59588605","1254","1","9","1"
"59595803","618","0","1","2"
"59597051","146","0","0","1"
"59599263","94","1","3","1"
"59604922","218","0","2","1"
"59607944","220","0","4","1"
"59612558","121","0","3","1"
"59622395","138","0","3","1"
"59644303","1713","2","6","3"
"59653226","317","0","0","1"
"59665484","243","0","0","1"
"59667294","368","1","2","1"
"59679622","418","0","5","0"
"59686823","2114","0","4","2"
"59700795","592","0","1","2"
"59703813","632","0","2","1"
"59708021","2333","1","2","0"
"59740283","416","0","0","2"
"59742930","1228","0","3","1"
"59757355","2503","0","3","1"
"59757784","852","0","1","1"
"59759353","210","0","0","0"
"59759921","3345","6","11","3"
"59762109","27","0","1","1"
"59763173","213","1","2","0"
"59774395","69","0","0","1"
"59778589","571","0","2","1"
"59791601","114","0","0","0"
"59795912","708","0","1","1"
"59805745","61","1","1","1"
"59808847","48","0","0","0"
"59809764","1674","1","3","2"
"59810838","3408","2","9","3"
"59813998","851","0","1","1"
"59841688","35","1","0","1"
"59848113","146","0","0","1"
"59851305","35","0","2","1"
"59865817","61","0","0","1"
"59867124","2262","1","8","2"
"59867137","55","1","2","2"
"59868127","379","1","2","1"
"59871615","199","0","0","1"
"59872695","45","2","1","1"
"59874409","773","1","2","1"
"59878097","23","0","0","0"
"59882715","3151","1","2","2"
"59894135","295","0","1","1"
"59906471","53","0","2","1"
"59913402","139","1","1","1"
"59933936","28","0","0","0"
"59935047","466","0","3","1"
"59937447","64","0","-1","1"
"59937629","49","0","1","1"
"59948875","59","0","0","0"
"59952177","183","0","0","2"
"59954185","4179","0","13","3"
"59961897","295","0","2","1"
"59962969","85","0","1","1"
"59972352","30","0","0","1"
"59974515","454","0","3","1"
"59977364","1407","2","6","2"
"59982610","95","0","1","1"
"59984143","25","0","0","0"
"59997068","207","0","0","1"
"59998584","200","0","1","1"
"60006265","265","1","3","2"
"60009406","38","0","0","1"
"60019967","168","0","0","1"
"60032962","39","0","2","0"
"60048082","182","2","1","1"
"60049763","204","0","0","1"
"60052236","450","0","2","1"
"60058556","244","0","2","2"
"60059328","283","0","1","1"
"60059402","407","0","0","2"
"60066477","254","0","1","2"
"60079324","465","1","8","1"
"60087486","693","2","6","2"
"60088387","86","0","0","0"
"60091559","34","0","0","0"
"60091598","35","0","0","0"
"60095004","62","0","2","1"
"60126813","428","0","4","1"
"60133485","106","2","2","1"
"60137402","83","0","1","1"
"60145596","436","0","1","1"
"60153031","50","0","1","0"
"60157694","61","0","-1","1"
"60157702","269","1","4","1"
"60158447","58","0","0","1"
"60160134","194","2","6","1"
"60164805","137","0","3","1"
"60169752","1716","0","1","3"
"60171603","198","0","1","1"
"60176044","3694","0","5","4"
"60176878","28","0","1","0"
"60180630","1616","3","5","2"
"60180802","127","0","0","0"
"60182708","122","1","0","0"
"60193771","144","0","1","2"
"60222473","116","1","0","0"
"60222741","1150","0","2","1"
"60225843","202","0","4","3"
"60229639","40","1","2","0"
"60242551","30","0","0","0"
"60248897","94","0","1","1"
"60253093","1682","0","0","1"
"60257669","137","0","2","0"
"60259833","13","0","0","0"
"60269750","169","0","2","0"
"60273343","1717","0","2","1"
"60277114","31","0","0","1"
"60288685","54","0","0","0"
"60289079","115","0","0","0"
"60298449","251","0","1","2"
"60300169","2339","1","3","3"
"60303168","278","0","4","1"
"60307747","49","0","0","0"
"60309426","54","0","0","0"
"60310869","37","0","0","1"
"60316124","255","0","0","1"
"60317784","38","0","0","0"
"60321175","209","0","1","1"
"60326958","203","0","1","1"
"60339290","530","0","0","2"
"60346132","72","0","1","0"
"60347162","1739","1","2","3"
"60349533","253","0","2","1"
"60355925","539","0","6","2"
"60360767","26","0","0","0"
"60362121","599","0","4","0"
"60364190","1309","1","2","0"
"60380374","318","0","0","1"
"60382188","399","0","0","1"
"60384677","145","1","1","1"
"60387571","656","1","4","1"
"60417391","55","0","1","1"
"60418323","240","0","0","1"
"60419257","42","0","0","1"
"60421154","132","0","0","0"
"60432844","347","0","2","2"
"60438317","64","1","1","0"
"60447436","506","0","1","0"
"60453924","1533","0","6","1"
"60455277","235","0","3","1"
"60460901","65","0","0","1"
"60472851","168","0","0","0"
"60477061","4530","3","11","1"
"60482809","127","0","1","0"
"60491837","644","0","3","1"
"60493188","17","0","0","0"
"60505130","451","0","1","1"
"60521929","554","0","2","1"
"60523762","72","0","0","1"
"60527677","515","0","2","1"
"60538714","31","0","0","1"
"60544181","272","0","3","2"
"60547530","41","0","0","0"
"60554018","54","1","0","0"
"60582223","31","0","0","0"
"60589373","2032","0","6","1"
"60589455","112","0","1","1"
"60593250","25","1","1","1"
"60594105","197","1","5","2"
"60596581","108","0","0","2"
"60611165","366","1","3","2"
"60616740","20","0","0","0"
"60618118","1248","0","11","2"
"60618892","33","0","0","0"
"60627797","56","0","0","0"
"60627886","34","0","0","1"
"60629753","28","0","0","0"
"60630929","542","1","1","1"
"60651460","33","0","0","1"
"60652536","72","0","3","0"
"60653217","336","2","1","1"
"60671739","214","0","1","2"
"60673485","285","0","4","1"
"60675844","143","0","3","1"
"60679609","428","0","2","1"
"60683476","14","0","0","0"
"60687265","465","1","1","2"
"60687521","18","1","1","1"
"60688745","89","0","0","1"
"60691211","75","0","0","0"
"60692711","111","0","1","1"
"60709188","185","1","0","1"
"60710209","683","0","1","2"
"60729752","153","0","3","1"
"60735334","807","0","0","1"
"60743622","778","0","1","2"
"60744252","238","0","1","1"
"60745453","83","0","1","1"
"60747192","99","0","0","1"
"60753453","152","0","2","2"
"60754839","21","0","0","0"
"60768178","620","0","1","1"
"60775996","345","0","0","1"
"60776412","296","0","1","1"
"60776512","534","0","7","2"
"60782815","104","0","0","1"
"60782859","109","0","0","0"
"60786602","65","0","1","0"
"60787325","763","2","6","1"
"60788435","58","1","1","0"
"60789862","220","1","2","2"
"60792053","16","0","1","1"
"60805753","364","1","2","1"
"60807449","291","1","1","0"
"60807821","200","0","0","2"
"60812233","37","0","0","1"
"60814643","213","0","1","1"
"60840243","317","0","1","0"
"60841906","136","0","1","0"
"60849745","730","0","4","2"
"60851712","179","0","1","0"
"60864013","203","0","3","1"
"60866521","56","0","1","1"
"60868897","67","0","1","1"
"60871475","244","0","1","1"
"60873580","246","0","1","1"
"60874769","42","0","0","1"
"60881927","30","0","1","0"
"60891304","69","0","0","0"
"60892354","188","0","0","2"
"60899373","38","0","0","1"
"60900354","365","0","1","1"
"60902904","573","2","5","2"
"60904105","178","0","1","1"
"60906336","345","1","8","2"
"60910436","438","0","0","1"
"60910770","550","0","2","0"
"60916931","3900","2","7","1"
"60918585","40","0","0","0"
"60918957","257","0","0","1"
"60921090","100","0","0","1"
"60929363","689","2","1","1"
"60929760","649","1","1","1"
"60936555","529","1","0","2"
"60937340","445","0","2","1"
"60942067","2402","0","9","2"
"60943127","21","0","0","0"
"60947729","781","1","3","2"
"60948332","46","0","1","0"
"60951820","122","0","1","0"
"60952438","379","0","3","1"
"60954497","34","0","0","0"
"60960923","17","0","0","1"
"60963759","1606","1","2","2"
"60965678","617","0","1","1"
"60966802","59","0","0","1"
"60967486","24","1","1","1"
"60968609","12","0","0","0"
"60968946","27","0","0","0"
"60983747","242","0","0","1"
"60988483","248","0","2","0"
"60993450","578","0","1","1"
"60995173","272","0","1","1"
"61007314","78","0","0","2"
"61010294","3271","2","11","3"
"61033355","192","0","0","2"
"61037714","83","0","1","1"
"61040457","28","0","0","0"
"61042437","42","1","2","1"
"61045663","149","0","1","0"
"61047349","322","0","0","1"
"61048334","133","0","0","1"
"61049431","31","0","0","0"
"61053695","18","0","0","0"
"61056146","36","0","0","1"
"61059614","166","0","0","0"
"61060647","28","0","1","0"
"61060920","121","0","1","1"
"61060933","101","0","0","1"
"61067030","19","0","0","0"
"61067566","57","1","2","1"
"61070925","115","0","1","0"
"61073863","179","0","2","0"
"61078178","523","0","0","2"
"61078915","135","0","2","1"
"61082940","73","0","0","0"
"61091137","118","0","0","1"
"61094080","45","0","1","0"
"61096521","895","1","5","1"
"61105395","361","0","1","1"
"61114607","191","0","1","1"
"61116147","36","0","1","1"
"61117865","1146","1","2","2"
"61122110","174","0","0","1"
"61124368","472","0","3","1"
"61137439","60","0","1","0"
"61140372","564","1","1","1"
"61146248","1070","0","0","1"
"61152929","33","0","0","0"
"61154750","381","0","0","1"
"61166082","40","0","0","1"
"61169336","25","0","0","0"
"61169424","63","0","2","2"
"61182993","99","0","0","0"
"61184613","67","0","0","1"
"61187476","451","0","2","0"
"61188284","293","0","2","2"
"61188927","47","0","0","0"
"61192568","42","0","0","1"
"61196735","66","0","-1","1"
"61200125","87","0","0","1"
"61203865","9","0","0","0"
"61208421","158","1","2","0"
"61211405","246","0","0","1"
"61213333","314","0","2","1"
"61214424","29","0","0","0"
"61215243","72","1","1","1"
"61216833","19","0","0","0"
"61217100","103","0","-1","1"
"61229585","22","0","0","0"
"61234457","56","0","0","1"
"61238849","379","0","2","2"
"61242936","239","1","1","1"
"61255989","1133","1","3","6"
"61256824","2029","1","3","1"
"61258852","162","0","1","0"
"61268184","49","0","1","2"
"61268381","71","0","0","1"
"61270489","14","0","0","0"
"61275831","406","0","1","1"
"61278412","26","0","2","0"
"61279928","45","0","0","1"
"61285080","42","0","0","1"
"61289322","54","0","1","0"
"61290397","312","1","3","1"
"61299948","20","0","0","0"
"61308519","779","0","1","2"
"61313591","187","0","0","0"
"61326014","64","0","0","0"
"61327326","110","1","0","1"
"61330199","32","0","0","0"
"61363648","227","2","5","1"
"61364535","39","0","0","0"
"61378735","60","0","0","0"
"61383941","123","0","0","2"
"61388905","394","0","3","2"
"61392968","58","0","0","1"
"61393981","336","1","2","2"
"61398483","306","0","0","1"
"61404452","30","0","0","0"
"61405539","32","0","1","2"
"61415256","34","0","0","0"
"61419552","198","0","0","1"
"61421478","85","0","0","0"
"61424387","42","0","0","1"
"61426487","405","1","1","1"
"61427907","38","0","0","1"
"61432453","176","0","1","1"
"61438033","81","0","0","1"
"61444542","365","0","5","2"
"61447350","235","0","0","1"
"61461570","81","0","0","1"
"61463578","1269","0","3","1"
"61464151","114","0","0","1"
"61472837","711","1","6","1"
"61473566","155","0","1","1"
"61479010","30","0","0","0"
"61490183","85","0","0","2"
"61491484","1502","2","3","1"
"61512114","1562","0","4","0"
"61515272","49","0","0","2"
"61516256","397","2","3","4"
"61517308","322","0","1","0"
"61530344","336","1","0","1"
"61530829","183","0","0","1"
"61532119","150","0","1","1"
"61535020","321","0","1","0"
"61542865","14","0","0","0"
"61554275","194","0","0","1"
"61558780","110","0","0","1"
"61576908","50","0","1","0"
"61585263","99","0","0","0"
"61589669","166","0","0","1"
"61596870","36","0","0","0"
"61597120","664","0","2","1"
"61609774","239","0","2","1"
"61611978","257","0","1","1"
"61613938","584","0","1","1"
"61614970","63","0","0","0"
"61616909","165","0","1","1"
"61618750","118","0","1","1"
"61632940","99","0","0","1"
"61643575","267","0","0","2"
"61649661","16","0","0","0"
"61656704","690","0","1","1"
"61670081","444","0","2","2"
"61678292","109","0","1","1"
"61683335","42","0","0","1"
"61686058","127","0","1","2"
"61686224","68","0","0","1"
"61688358","202","0","2","1"
"61694847","35","0","0","1"
"61706268","97","0","0","1"
"61720604","32","0","0","0"
"61734787","244","0","2","1"
"61741227","15","0","1","0"
"61756722","244","0","0","0"
"61758808","654","0","0","0"
"61762061","35","0","1","0"
"61762122","26","0","0","0"
"61763134","20","0","0","1"
"61764383","153","0","0","0"
"61770694","174","0","0","1"
"61775854","162","0","1","0"
"61782026","12","0","1","1"
"61783687","868","0","0","1"
"61788540","153","0","2","2"
"61790181","15","0","0","0"
"61795201","96","0","0","1"
"61801096","53","0","0","1"
"61802277","239","0","0","1"
"61806951","24","0","0","1"
"61814285","130","0","0","1"
"61817010","461","0","3","1"
"61817446","291","0","4","1"
"61818512","38","0","0","1"
"61819502","47","0","1","1"
"61823476","138","0","1","1"
"61828726","60","0","0","0"
"61837135","224","0","4","2"
"61847090","61","0","0","1"
"61847291","107","1","1","1"
"61857523","604","0","0","2"
"61858388","182","1","1","2"
"61859371","31","0","0","1"
"61860732","931","0","2","2"
"61863729","79","0","0","1"
"61863790","11","0","0","0"
"61864370","385","0","0","1"
"61873536","12","0","0","0"
"61874021","124","0","1","1"
"61877681","449","1","2","2"
"61886993","281","1","3","1"
"61888590","249","0","2","0"
"61889035","125","0","0","1"
"61891328","1455","0","7","2"
"61892305","109","0","2","2"
"61899700","37","0","0","1"
"61900095","77","0","0","1"
"61906959","98","0","0","0"
"61915119","188","0","-2","1"
"61916940","55","0","1","1"
"61919141","2027","0","2","3"
"61923500","126","0","0","1"
"61923610","54","0","0","0"
"61923737","38","0","0","0"
"61928407","133","0","1","1"
"61931009","127","0","0","2"
"61932129","33","0","0","0"
"61932940","21","0","0","1"
"61954361","57","0","1","1"
"61957117","124","0","3","0"
"61957795","38","0","2","0"
"61958231","169","0","0","1"
"61958387","606","0","2","2"
"61961115","217","1","1","1"
"61969011","48","0","0","1"
"61971686","192","1","1","0"
"61972822","33","0","0","0"
"61975114","121","0","1","1"
"61977812","24","0","0","0"
"61979870","325","0","1","2"
"61980794","270","0","0","1"
"61984201","361","0","0","0"
"61988255","380","0","0","2"
"61989951","1652","1","5","2"
"61990697","34","0","0","0"
"61999397","132","0","0","0"
"62003977","1010","2","0","1"
"62005396","37","2","1","0"
"62007181","261","1","2","1"
"62014553","32","0","-1","1"
"62024094","134","0","0","1"
"62032706","127","0","0","1"
"62037992","80","0","1","1"
"62045478","61","0","1","1"
"62045967","1054","0","4","1"
"62049871","82","0","0","1"
"62053023","140","0","0","0"
"62055310","592","0","3","2"
"62055455","75","0","0","1"
"62059183","920","0","4","1"
"62066641","290","0","1","2"
"62086243","28","0","0","0"
"62087265","3097","2","6","1"
"62089077","276","0","0","2"
"62093133","122","0","2","0"
"62097282","92","0","2","1"
"62113095","159","0","1","1"
"62114554","313","0","4","1"
"62121433","150","2","1","1"
"62122455","143","0","1","2"
"62122834","279","0","1","1"
"62126024","770","0","1","1"
"62136930","20","0","0","0"
"62142092","913","0","5","2"
"62151109","80","0","0","0"
"62158608","68","0","0","1"
"62160905","677","0","2","1"
"62166696","28","0","0","0"
"62167773","175","0","3","1"
"62172994","395","0","3","1"
"62179995","260","1","1","1"
"62190387","46","2","1","0"
"62191612","117","0","1","1"
"62191949","73","0","0","1"
"62191950","177","0","2","1"
"62194444","103","0","1","1"
"62217374","121","0","0","1"
"62220073","82","0","0","1"
"62220945","138","0","2","1"
"62226050","44","0","0","1"
"62227860","118","0","0","0"
"62228154","482","0","3","1"
"62230139","58","0","1","1"
"62231390","118","0","1","2"
"62234236","32","0","0","0"
"62237908","23","0","0","0"
"62239659","311","1","2","0"
"62240661","223","0","1","1"
"62241177","32","0","0","1"
"62254219","39","0","0","1"
"62265442","39","0","0","1"
"62271879","169","1","1","1"
"62272500","106","0","0","0"
"62278936","178","0","1","1"
"62280287","72","0","0","1"
"62281418","178","0","3","1"
"62285692","50","0","0","0"
"62288443","311","0","1","1"
"62288741","67","0","0","0"
"62289587","308","1","1","1"
"62291270","164","0","1","1"
"62303997","527","0","1","1"
"62304258","716","3","4","0"
"62308792","41","0","1","0"
"62311883","61","0","2","0"
"62325286","650","0","4","1"
"62331829","231","0","2","1"
"62334334","52","0","0","1"
"62334396","69","0","0","1"
"62334460","85","0","0","1"
"62336787","28","0","0","1"
"62340637","41","1","1","0"
"62341336","93","1","2","0"
"62348321","125","1","5","1"
"62364711","588","0","4","1"
"62365544","16","0","0","0"
"62367778","516","0","3","0"
"62368708","619","0","2","2"
"62370850","135","0","0","1"
"62373037","29","0","0","0"
"62373897","89","0","1","1"
"62377175","98","0","1","2"
"62378595","110","0","0","1"
"62386905","131","0","0","0"
"62393036","166","0","3","1"
"62394928","117","1","1","1"
"62395596","213","0","1","0"
"62397129","255","0","3","1"
"62398458","127","0","0","2"
"62399981","95","0","2","1"
"62405929","15","0","0","0"
"62407913","251","1","0","1"
"62412011","38","0","0","1"
"62417805","47","0","0","0"
"62418574","46","1","0","1"
"62432172","616","1","1","1"
"62438873","66","1","3","1"
"62441607","48","0","2","1"
"62442634","217","1","1","1"
"62445698","55","1","0","0"
"62446815","282","0","1","1"
"62447902","621","0","3","1"
"62451869","38","0","0","1"
"62456287","67","0","0","1"
"62457039","74","0","0","1"
"62457504","17","0","0","0"
"62458724","52","0","1","0"
"62476668","77","0","1","0"
"62477070","54","0","0","0"
"62478183","521","0","3","3"
"62480194","106","1","3","1"
"62486239","16","0","0","1"
"62489323","678","0","0","1"
"62494934","55","0","0","0"
"62495937","247","0","1","2"
"62497883","415","2","5","3"
"62501344","39","0","0","0"
"62502951","179","0","1","2"
"62504968","278","0","1","2"
"62507091","255","1","0","1"
"62508742","59","0","0","0"
"62517969","290","0","4","1"
"62523086","93","0","1","2"
"62530012","174","0","0","0"
"62530078","189","0","2","3"
"62547073","551","0","3","1"
"62547923","102","0","0","1"
"62549689","110","0","0","0"
"62554548","317","0","0","1"
"62557325","173","0","0","1"
"62565210","136","0","1","1"
"62565545","63","0","1","1"
"62568643","130","0","1","1"
"62569838","128","0","0","1"
"62572121","98","2","3","1"
"62576310","44","1","1","0"
"62576673","51","0","0","1"
"62578732","148","0","0","1"
"62581082","52","1","1","0"
"62582960","325","0","0","1"
"62583149","202","1","1","1"
"62584239","154","0","0","1"
"62584348","23","0","1","1"
"62591569","118","0","0","1"
"62599345","22","0","0","0"
"62608259","124","2","2","1"
"62618898","69","0","0","1"
"62623966","8","0","0","1"
"62624753","34","0","1","0"
"62625720","18","0","0","0"
"62627931","106","0","1","0"
"62629878","41","0","0","1"
"62633963","51","0","2","0"
"62636642","14","0","0","0"
"62637984","103","0","2","0"
"62646471","53","0","0","1"
"62648670","467","0","0","1"
"62649334","191","0","2","0"
"62650198","21","1","1","0"
"62652827","132","0","0","2"
"62657746","42","0","0","1"
"62659589","200","0","1","1"
"62660969","51","0","0","1"
"62663326","127","0","0","1"
"62663378","313","0","1","2"
"62678901","15","0","0","1"
"62681820","14","1","0","1"
"62685336","383","0","0","0"
"62686359","29","0","1","1"
"62691871","67","0","0","1"
"62702201","75","0","1","0"
"62706725","36","0","1","1"
"62707168","33","0","0","1"
"62711268","364","1","-4","1"
"62716758","185","0","1","1"
"62717065","24","0","0","1"
"62718424","164","0","1","0"
"62721656","73","0","1","1"
"62724429","4077","2","6","2"
"62730365","38","0","0","1"
"62734631","69","0","1","1"
"62736315","701","1","2","2"
"62740362","151","0","2","0"
"62744457","564","0","8","1"
"62750603","1530","1","1","2"
"62759334","320","1","1","1"
"62762385","241","2","0","1"
"62769899","44","0","2","0"
"62770133","114","0","0","1"
"62772685","35","0","1","1"
"62773619","122","0","2","1"
"62775200","36","0","0","1"
"62777499","77","0","0","1"
"62779643","201","0","0","1"
"62782531","32","0","0","1"
"62783381","300","0","0","1"
"62784282","159","0","2","2"
"62784756","67","0","0","1"
"62797665","29","0","2","1"
"62800931","59","0","1","1"
"62802160","75","0","0","1"
"62803531","385","0","4","2"
"62803679","119","1","2","2"
"62810220","1303","0","0","2"
"62811744","43","0","0","0"
"62816099","28","0","0","1"
"62819489","42","0","0","1"
"62841874","37","0","2","0"
"62846375","412","0","2","1"
"62857420","150","0","1","1"
"62863080","714","0","2","3"
"62879511","43","0","2","2"
"62887078","58","0","1","0"
"62890832","208","1","3","1"
"62892700","276","0","2","2"
"62908594","116","0","1","1"
"62909053","480","0","2","0"
"62913098","276","0","2","2"
"62914032","98","0","2","0"
"62916666","30","0","0","0"
"62921139","215","0","0","0"
"62922990","47","0","0","0"
"62924553","101","1","4","1"
"62934246","84","1","1","1"
"62935408","34","0","0","1"
"62937775","33","0","0","1"
"62943615","52","0","1","1"
"62943620","148","0","0","0"
"62945517","341","0","2","1"
"62954151","30","0","0","0"
"62955183","176","0","1","1"
"62957735","71","0","0","0"
"62959135","114","0","1","1"
"62960533","812","0","1","0"
"62968218","232","2","2","1"
"62968271","252","0","1","1"
"62968861","184","0","0","1"
"62968897","521","2","2","2"
"62971177","66","0","1","1"
"62977242","42","0","0","0"
"62977821","356","1","2","2"
"62980253","12","0","0","0"
"62983257","226","0","0","1"
"62987150","25","0","0","0"
"62993230","37","0","1","1"
"62996357","27","0","1","1"
"63003669","117","0","1","1"
"63006197","41","0","1","0"
"63010170","206","1","1","0"
"63012093","81","1","2","0"
"63012327","325","1","2","2"
"63014238","504","0","2","1"
"63014786","499","0","2","2"
"63018676","59","0","0","1"
"63022460","31","0","0","0"
"63034846","79","0","1","0"
"63040427","25","0","0","0"
"63041640","90","0","1","1"
"63042765","134","0","0","1"
"63050024","457","2","1","0"
"63053878","282","0","0","0"
"63054966","103","0","0","1"
"63056495","75","0","1","1"
"63059692","269","0","0","1"
"63061893","288","0","1","0"
"63066240","311","0","2","1"
"63071883","32","0","0","1"
"63080133","212","0","1","1"
"63089888","30","0","0","1"
"63093761","218","1","1","1"
"63094543","30","0","0","0"
"63103518","322","0","0","1"
"63104643","455","1","1","1"
"63105577","126","0","0","2"
"63107081","66","0","0","1"
"63114283","82","0","0","1"
"63115345","269","0","1","0"
"63116469","43","0","0","1"
"63117454","1012","1","2","2"
"63118011","284","0","0","1"
"63119030","37","0","0","1"
"63119375","104","0","0","1"
"63120390","29","0","0","1"
"63121996","33","0","0","1"
"63123054","37","1","1","1"
"63131846","163","0","3","0"
"63138444","40","0","0","1"
"63143360","461","0","3","1"
"63147162","110","0","0","0"
"63148639","465","0","0","1"
"63151602","404","0","3","1"
"63159544","21","0","1","1"
"63159962","212","0","1","0"
"63167649","33","0","1","0"
"63168549","196","0","2","1"
"63172508","174","0","3","1"
"63174622","234","1","3","1"
"63180349","470","0","0","0"
"63186141","47","1","0","1"
"63188674","51","0","0","1"
"63190217","116","0","0","1"
"63192132","179","0","1","1"
"63220262","573","0","5","1"
"63221344","128","1","1","0"
"63221514","40","0","0","0"
"63224018","30","0","0","0"
"63226588","44","0","0","1"
"63229882","192","0","0","1"
"63252525","116","0","2","1"
"63255957","19","0","0","0"
"63261090","108","0","0","1"
"63262449","49","0","0","1"
"63267007","96","0","2","2"
"63275189","63","0","0","0"
"63277200","221","0","0","1"
"63280592","40","0","0","0"
"63288356","68","0","1","1"
"63304700","62","0","1","1"
"63308904","52","0","1","1"
"63309348","89","0","0","1"
"63310176","57","0","1","1"
"63310443","252","0","0","2"
"63314096","44","0","2","1"
"63315089","61","0","0","1"
"63315602","52","0","-1","1"
"63316358","50","0","-2","1"
"63317854","41","1","1","0"
"63318249","29","0","1","1"
"63318776","181","0","2","0"
"63320211","26","0","0","1"
"63321291","108","0","2","1"
"63323498","46","0","1","1"
"63325152","72","0","1","1"
"63330669","323","0","3","1"
"63335751","79","1","0","1"
"63341752","23","0","1","0"
"63341938","56","0","0","1"
"63343937","381","0","6","1"
"63349624","45","0","0","1"
"63349963","36","0","0","1"
"63353288","366","0","0","3"
"63353787","16","0","0","0"
"63354484","180","0","0","1"
"63354866","545","0","2","1"
"63358956","120","0","0","1"
"63362126","186","0","2","0"
"63367874","48","1","1","1"
"63375309","141","1","1","1"
"63376280","148","0","0","1"
"63379321","25","0","0","0"
"63384756","114","0","0","1"
"63385691","1409","0","0","1"
"63393437","131","0","0","0"
"63398836","368","0","0","2"
"63402935","126","0","0","1"
"63404843","75","0","0","0"
"63410396","120","2","2","1"
"63420995","113","0","0","0"
"63421008","140","0","-1","1"
"63426356","39","0","-2","1"
"63432516","74","0","0","0"
"63434350","93","0","0","2"
"63435125","63","0","0","1"
"63436541","626","1","2","1"
"63436685","111","0","1","1"
"63440501","22","0","0","1"
"63445967","184","0","2","1"
"63449321","38","0","0","0"
"63451187","402","0","2","1"
"63452906","106","0","1","0"
"63458561","277","0","1","1"
"63460875","265","0","0","1"
"63466747","110","0","2","1"
"63467662","787","0","1","2"
"63467902","109","0","0","0"
"63468238","101","0","0","1"
"63472617","31","0","0","0"
"63472909","316","0","2","1"
"63480433","1014","0","5","1"
"63488189","47","0","0","1"
"63489418","341","0","0","2"
"63501397","88","0","1","1"
"63513827","28","0","0","0"
"63517636","22","0","0","0"
"63517732","69","0","0","1"
"63521430","1605","2","7","3"
"63521763","60","0","0","1"
"63521919","84","0","0","0"
"63524358","32","0","0","0"
"63526649","56","0","1","0"
"63527410","122","0","1","1"
"63529486","40","0","0","1"
"63548721","140","0","0","1"
"63563741","18","0","0","0"
"63568834","73","1","1","1"
"63569560","47","0","0","0"
"63570002","54","0","1","1"
"63581746","28","0","0","1"
"63584972","28","0","0","0"
"63585862","68","0","1","1"
"63593031","69","0","0","1"
"63593086","76","0","1","1"
"63596379","351","1","1","1"
"63599539","203","0","0","1"
"63600064","89","0","0","1"
"63605894","19","0","0","1"
"63606079","402","1","3","1"
"63610969","32","0","0","2"
"63612155","140","0","1","1"
"63618762","26","0","0","1"
"63619329","802","0","3","2"
"63621850","113","0","0","2"
"63637826","28","0","0","1"
"63637891","28","0","0","0"
"63641172","40","0","0","1"
"63641822","163","0","0","1"
"63642807","52","0","1","1"
"63647949","144","0","0","1"
"63648591","232","1","1","1"
"63651059","294","0","2","1"
"63659938","75","0","0","1"
"63659997","81","0","0","0"
"63662376","404","1","2","3"
"63663436","76","1","5","2"
"63665891","24","0","0","1"
"63666618","52","0","1","1"
"63671500","27","0","0","0"
"63672189","322","0","2","2"
"63673643","127","1","0","1"
"63676119","211","1","0","1"
"63676743","42","0","0","1"
"63687203","157","1","2","1"
"63688723","105","0","1","1"
"63691962","76","0","0","2"
"63697142","532","0","1","1"
"63697371","47","0","0","1"
"63702007","58","0","0","1"
"63706014","108","0","0","1"
"63710029","180","0","0","1"
"63711194","48","0","0","1"
"63712992","106","0","0","1"
"63713595","214","0","1","1"
"63715344","144","0","0","1"
"63722151","120","0","0","1"
"63724933","67","0","0","0"
"63727007","116","0","1","1"
"63733822","225","0","1","2"
"63741483","60","1","1","1"
"63743022","114","0","2","1"
"63745613","475","0","1","1"
"63748729","95","0","2","1"
"63763226","23","0","0","0"
"63770567","43","0","0","1"
"63778169","125","0","0","1"
"63786311","266","0","0","1"
"63791957","31","0","0","1"
"63795736","191","1","2","1"
"63796341","48","0","0","1"
"63800645","92","0","0","0"
"63803136","120","0","1","1"
"63805317","63","0","0","2"
"63810325","71","0","1","1"
"63811811","42","0","0","1"
"63817052","95","0","0","2"
"63822219","110","1","1","1"
"63823612","68","0","0","0"
"63825153","19","0","0","0"
"63834849","102","1","1","1"
"63835872","40","0","0","1"
"63844720","66","1","3","1"
"63850650","137","0","1","2"
"63860001","478","0","1","1"
"63872812","53","0","0","1"
"63887031","740","1","2","3"
"63887592","59","0","1","1"
"63892778","102","0","0","1"
"63917945","64","0","0","1"
"63927583","18","0","0","0"
"63932268","48","1","1","1"
"63932728","211","0","0","1"
"63941471","14","0","0","1"
"63941739","51","0","1","0"
"63945383","57","0","-1","1"
"63947566","35","0","0","0"
"63947660","68","0","3","0"
"63949783","35","1","1","2"
"63951880","49","0","0","0"
"63952543","16","0","1","1"
"63954895","39","0","0","1"
"63955515","126","0","0","0"
"63960394","25","0","0","0"
"63964956","117","0","0","0"
"63966764","14","0","0","1"
"63967152","140","0","0","0"
"63969803","22","0","0","0"
"63970074","47","1","0","0"
"63970992","381","1","0","1"
"63972265","91","0","0","2"
"63983879","122","1","3","1"
"63985316","28","1","1","1"
"63986085","71","0","0","1"
"63987220","105","0","0","1"
"63987617","263","0","0","0"
"64001055","28","0","0","1"
"64001064","49","0","0","1"
"64001098","141","1","2","1"
"64001175","42","2","1","1"
"64006803","105","2","1","0"
"64008302","42","0","2","1"
"64009546","209","0","-1","1"
"64029658","29","0","0","0"
"64031598","133","2","2","2"
"64033686","559","0","2","3"
"64035289","25","0","0","1"
"64035748","113","1","-1","2"
"64036755","18","0","0","0"
"64037059","155","0","0","1"
"64037397","86","0","0","1"
"64037622","93","0","1","2"
"64038381","44","1","1","1"
"64043335","36","0","0","0"
"64049306","138","1","2","1"
"64053790","49","1","0","1"
"64055017","33","2","1","1"
"64055230","183","0","1","2"
"64074405","52","0","0","0"
"64076798","552","0","0","1"
"64078671","97","0","0","0"
"64090733","44","0","-1","2"
"64098854","13","0","0","0"
"64105318","75","0","0","1"
"64108290","17","0","0","0"
"64109619","116","0","1","1"
"64111780","44","0","0","1"
"64120181","43","0","0","1"
"64124831","469","3","5","1"
"64126095","32","0","0","1"
"64127057","14","0","0","0"
"64127081","22","0","0","0"
"64128759","44","0","1","0"
"64135104","21","0","1","1"
"64144015","62","0","0","1"
"64146245","48","0","0","1"
"64150217","105","1","1","2"
"64155765","131","0","0","1"
"64169578","96","0","0","1"
"64171023","52","0","0","1"
"64173350","31","0","0","0"
"64174918","88","0","1","1"
"64176555","129","0","0","1"
"64183734","40","0","0","0"
"64184839","59","0","0","1"
"64186518","79","0","0","1"
"64187098","78","1","1","1"
"64193130","16","0","0","0"
"64193442","35","1","1","1"
"64196083","242","0","3","0"
"64196928","55","0","1","0"
"64203293","84","2","2","2"
"64203858","18","0","0","0"
"64204333","51","0","0","1"
"64208230","17","0","0","0"
"64209601","181","0","8","1"
"64213166","44","0","0","2"
"64215394","36","0","0","2"
"64215516","456","0","2","0"
"64217028","95","0","1","1"
"64217753","17","0","0","0"
"64219080","55","1","1","1"
"64226272","340","2","8","1"
"64234027","40","0","1","1"
"64234725","25","0","0","1"
"64235287","91","0","0","0"
"64239706","113","0","4","1"
"64270132","32","0","0","0"
"64270867","72","0","0","1"
"64272276","34","0","0","1"
"64275301","27","0","1","0"
"64280116","32","0","0","1"
"64282616","44","0","0","0"
"64283032","50","0","1","1"
"64289344","28","0","2","1"
"64292372","71","0","1","1"
"64295047","36","0","0","0"
"64295530","30","0","1","1"
"64301884","41","0","1","0"
"64313101","31","0","0","0"
"64317086","69","0","0","1"
"64321708","76","0","0","1"
"64322121","134","0","2","1"
"64331408","198","0","1","2"
"64336306","109","0","0","1"
"64340651","15","0","0","0"
"64352242","157","0","0","0"
"64355931","28","1","1","1"
"64357946","9","0","0","0"
"64359222","43","1","1","0"
"64363746","36","0","0","0"
"64364339","57","0","3","2"
"64364989","128","0","1","1"
"64365295","16","0","0","0"
"64367166","13","0","0","0"
"64367788","18","0","0","0"
"64368828","38","0","1","0"
"64370092","51","0","0","1"
"64372814","20","0","0","0"
"64373516","87","0","0","1"
"64373957","20","0","0","1"
"64374179","145","0","3","1"
"64376609","31","0","0","1"
"64378044","39","0","1","1"
"64390655","28","0","0","1"
"64391445","40","0","0","1"
"64395360","48","1","1","1"
"64397938","44","1","0","1"
"64402825","37","0","0","1"
"64405836","165","0","1","3"
"64412941","30","0","1","1"
"64415258","28","0","0","0"
"64415781","19","0","0","1"
"64419695","76","0","0","1"
"64425335","56","0","0","1"
"64430884","22","0","0","1"
"64431541","19","0","0","0"
"64434318","68","0","0","1"
"64438471","50","0","0","0"
"64439506","53","1","1","0"
"64441204","47","0","1","1"
"64442364","42","0","1","0"
"64447223","54","0","0","1"
"64447952","14","0","0","0"
"64457842","94","0","2","1"
"64459114","58","0","1","1"
"64463461","118","0","1","1"
"64467848","11","0","0","0"
"64471597","23","0","0","1"
"64477994","32","0","0","0"
"64482190","59","0","1","1"
"64487465","64","0","0","0"
"64487952","36","0","0","0"
"64489263","153","2","3","2"
"64491156","101","1","1","2"
"64500507","34","0","1","1"
"64502419","103","0","0","1"
"64504073","24","1","1","0"
"64504717","50","0","1","1"
"64505237","37","0","1","1"
"64514500","30","0","1","1"
"64518447","46","0","2","0"
"64518967","347","0","0","1"
"64521591","28","0","0","0"
"64523483","27","0","0","0"
"64523984","53","0","0","1"
"64531731","21","1","1","1"
"64532293","35","0","1","0"
"64532712","28","0","0","0"
"64533609","33","0","0","0"
"64546384","31","0","2","1"
"64552896","32","1","1","1"
"64553553","36","0","0","1"
"64553739","65","0","1","2"
"64557292","32","0","0","1"
"64557976","27","0","0","0"
"64563568","33","0","1","1"
"64565482","53","0","0","1"
"64582790","40","0","0","1"
"64583543","73","0","2","1"
"64589543","33","0","0","1"
"64592508","47","0","0","1"
"64593034","77","1","2","0"
"64595893","27","0","0","1"
"64597296","125","2","2","1"
"64600031","27","0","0","1"
"64610686","28","1","0","1"
"64611029","42","1","0","1"
"64613154","19","0","0","0"
"64616712","20","0","1","0"
"64621707","32","1","0","2"
"64621774","39","0","-1","1"
"64622487","7","0","0","0"
"64624046","8","0","0","0"
"64626463","55","1","1","1"
"64633028","31","0","0","1"
"64634535","75","0","1","3"
"64635032","91","0","0","1"
"64638912","27","0","0","0"
"64640750","45","0","0","1"
"64645858","108","1","0","1"
"64653476","34","0","0","1"
"64653733","58","0","0","1"
"64655888","44","1","0","2"
"64670494","237","0","1","3"
"64671578","8","0","0","0"
"64679245","30","0","0","0"
"64683577","36","0","0","1"
"64702857","25","0","0","0"
"64706720","36","0","0","0"
"64708371","45","0","1","1"
"64715544","51","1","1","1"
"64721253","53","0","0","1"
"64722037","23","1","1","1"
"64724253","39","0","1","1"
"64726189","28","0","0","1"
"64726927","41","0","0","1"
"64727337","30","0","0","1"
"64727916","21","0","0","1"
"64743140","11","0","0","0"
"64745031","40","0","0","1"
"64748624","15","0","0","0"
"64748985","37","1","0","2"
"64757618","55","0","0","0"
"64759755","20","0","0","0"
"64759960","59","0","0","0"
"64766151","39","0","1","1"
"64769112","15","0","0","1"
"64769871","26","0","0","1"
"64776708","214","0","2","1"
"64776871","44","1","0","1"
"64779312","55","0","1","0"
"64781462","35","0","0","1"
"64784257","18","0","0","0"
"64791341","25","0","0","0"
"64792304","14","0","0","0"
"64793785","42","1","1","1"
"64794977","18","0","0","1"
"64802322","42","0","0","2"
"64802766","40","0","0","1"
"64813927","25","0","1","0"
"64819969","21","0","-1","0"
"64823120","49","0","1","1"
"64823357","13","0","0","0"
"64831439","27","1","2","1"
"64839432","36","0","2","1"
"64843487","28","0","1","0"
"64844555","28","1","2","0"
"64847650","32","0","1","1"
"64849776","38","1","0","1"
"64850430","33","0","0","1"
"64850459","14","1","1","1"
"64850729","31","1","1","1"
"64853326","47","0","0","1"
"64855441","23","0","0","1"
"64856287","72","0","-1","1"
"64856754","30","0","0","1"
"64859065","31","0","0","1"
"64860458","45","0","0","0"
"64868462","27","0","0","1"
"64868918","43","0","1","1"
"64873031","45","0","0","1"
"64873168","28","0","0","1"
"64875176","63","0","1","1"
"64876953","44","0","0","2"
"64878131","18","0","0","1"
"64882287","25","0","1","1"
"64883366","56","0","0","1"
"64883692","37","0","0","1"
"64887265","42","1","1","1"
"64887921","19","0","0","0"
"64890466","30","0","1","0"
"64891521","28","0","0","1"
"64893238","23","0","1","0"
"64895637","32","0","2","1"
"64896276","31","0","1","1"
"64897338","16","0","1","1"
"64904300","22","1","1","1"
"64913270","21","0","0","0"
"64914701","109","0","3","1"
"64919429","15","0","0","0"
"64919507","32","0","0","1"
"64920371","11","0","0","0"
"64921011","26","0","0","1"
"64930068","25","1","0","0"
"64930928","17","0","0","0"
"64931222","28","1","0","0"
"64933795","40","0","1","0"
"64935917","28","0","0","0"
"64939318","26","0","1","1"
"64940188","20","0","0","1"
"64946385","37","0","1","1"
"64950498","38","0","0","1"
"64951151","13","0","0","0"
"64951853","27","0","0","0"
"64953274","22","1","1","1"
"64956147","23","0","0","0"
"64956301","16","0","1","1"
"64957915","52","0","0","1"
"64958538","51","0","0","1"
"64958707","150","4","10","0"
"64959690","25","0","0","0"
"64959920","19","0","0","1"
"64962477","15","0","0","1"
"64969086","24","0","1","0"
"64969548","17","1","0","1"
"64977857","41","0","1","0"
"64983368","11","0","-1","0"
"64986874","113","0","3","2"
"64988826","13","0","0","0"
"64989576","15","0","0","1"
"64993336","19","0","0","0"
"64993964","37","1","1","0"
"64994596","19","0","0","0"
"64994889","26","0","0","1"
"65000409","15","0","0","0"
"65001234","14","0","0","0"
"65004120","12","0","0","1"
"65004767","28","0","0","0"
"65006393","13","0","0","0"
"65007039","26","0","0","0"
"65009405","61","0","1","1"
"65011370","37","0","0","1"
"65011667","33","0","0","0"
"65014768","48","0","0","1"
"65025094","8","0","1","0"
"65029702","31","0","0","0"
"65033969","30","0","0","1"
"65035256","55","0","0","1"
"65036034","21","0","1","0"
"65036654","30","0","0","0"
"65038753","23","0","0","0"
"65045068","26","0","0","1"
"65045104","13","0","0","0"
"65047992","30","0","0","0"
"65048003","26","0","0","1"
"65050008","29","0","0","1"
"65055409","25","0","1","0"
"65056670","24","0","1","1"
"65056871","28","0","0","0"
"65060310","18","0","1","0"
"65060773","44","0","0","1"
"65063766","18","0","0","0"
"65064167","63","0","2","2"
"65067320","25","0","0","2"
"65071861","24","0","0","1"
"65075211","19","0","-1","0"
"65077036","27","0","0","1"
"65077827","48","0","0","1"
"65078579","6","0","0","0"
"65083175","24","0","0","0"
"65087399","23","0","-1","1"
"65090500","14","0","0","0"
"65090928","18","0","0","1"
"65092291","45","0","-2","0"
"65093350","20","0","0","1"
"65093647","35","0","0","1"
"65094005","13","0","0","0"
"65094504","10","0","0","0"
"65100630","68","2","1","1"
"65104528","12","0","0","0"
"65107241","18","0","0","0"
"65110940","15","0","1","1"
"65115398","18","0","0","1"
"65123923","23","0","0","1"
"65124227","31","0","0","1"
"65126312","25","0","-1","1"
"65131674","8","0","0","0"
"65132563","27","0","1","0"
"65134146","11","0","0","0"
"65136800","21","0","1","0"
"65141055","15","0","0","0"
"65147014","8","0","0","0"
"65150247","6","0","0","0"
"65153614","7","0","0","0"
"65154829","17","0","0","1"
"65156970","20","0","-1","0"
"65161227","16","0","0","1"
"65164060","6","0","0","0"
"65164916","4","0","0","0"
"65528704","470","0","0","0"
"65530775","389","2","2","1"
"65531373","158","0","0","1"
"65532726","449","1","2","1"
"65543489","795","1","4","1"
"65544011","82","0","1","1"
"65549050","169","0","0","0"
"65557650","634","0","0","1"
"65562010","109","0","0","0"
"65570514","927","0","4","2"
"65571673","208","0","0","1"
"65573258","18","0","0","0"
"65574667","736","1","1","1"
"65576927","1308","2","3","1"
"65578334","1245","1","2","1"
"65578466","297","0","0","1"
"65580689","1092","1","0","1"
"65582737","154","0","1","1"
"65583325","33","0","0","0"
"65583944","349","0","0","0"
"65589050","217","1","2","1"
"65600555","141","0","2","1"
"65601569","153","0","0","0"
"65605228","638","0","1","0"
"65606498","199","0","1","1"
"65609835","1558","2","1","1"
"65615776","323","0","1","3"
"65617676","129","0","-1","1"
"65619464","109","0","0","1"
"65623466","114","0","0","0"
"65625629","161","0","0","1"
"65628252","77","0","0","0"
"65628275","42","0","0","0"
"65632472","249","0","2","1"
"65634090","636","0","1","1"
"65634251","733","3","11","1"
"65644253","72","0","1","1"
"65652624","691","0","1","1"
"65653291","644","0","-1","1"
"65655514","355","0","1","1"
"65656135","51","0","0","0"
"65656476","409","0","4","2"
"65664718","61","0","-1","1"
"65664846","129","0","0","1"
"65670516","1302","0","5","1"
"65672418","34","0","0","1"
"65672776","597","0","0","1"
"65673790","41","0","0","1"
"65686873","139","0","3","1"
"65689024","31","0","0","0"
"65692644","550","0","3","1"
"65692711","545","1","8","1"
"65697699","206","1","1","1"
"65703126","112","0","1","0"
"65705097","424","0","0","1"
"65709151","289","0","0","1"
"65711741","277","0","1","1"
"65713945","107","0","0","1"
"65714212","180","0","2","0"
"65718409","91","0","0","1"
"65724762","986","0","1","1"
"65726012","37","0","0","0"
"65728933","1405","0","3","1"
"65730614","391","0","2","2"
"65731452","176","1","2","1"
"65735099","232","0","0","1"
"65743472","145","0","0","0"
"65749211","132","1","1","0"
"65751135","21","0","0","0"
"65752426","992","1","2","1"
"65753728","41","0","0","0"
"65762101","102","0","0","0"
"65764274","89","0","1","0"
"65767180","579","0","0","1"
"65778838","100","0","0","1"
"65781245","259","0","0","1"
"65781328","159","0","0","1"
"65784983","430","0","2","2"
"65785149","25","0","0","1"
"65787779","68","0","1","1"
"65791849","21","0","0","1"
"65792342","14","0","0","0"
"65796490","34","0","0","1"
"65799172","128","0","0","1"
"65801016","47","0","0","1"
"65801828","231","0","0","1"
"65805825","15","0","-1","1"
"65808241","563","0","2","1"
"65809131","39","0","0","1"
"65812220","125","0","1","0"
"65812815","134","0","0","0"
"65814953","1748","0","3","1"
"65815943","28","0","0","0"
"65816183","54","0","0","2"
"65820392","635","0","1","1"
"65825399","113","0","0","1"
"65826284","580","0","2","1"
"65826468","35","0","0","0"
"65827050","433","0","1","1"
"65828544","503","0","0","1"
"65829278","241","0","0","0"
"65832692","1678","0","0","1"
"65833842","180","1","6","0"
"65855054","684","1","0","1"
"65858806","507","1","1","1"
"65860635","56","0","0","1"
"65864411","550","0","0","1"
"65864951","1431","0","6","3"
"65866250","75","0","0","1"
"65882254","139","0","0","0"
"65885601","93","0","0","1"
"65887089","25","0","1","1"
"65888827","51","0","0","0"
"65893608","458","0","0","0"
"65894993","227","0","0","1"
"65895649","386","0","4","1"
"65899318","70","0","0","0"
"65901254","91","1","2","1"
"65903571","79","0","0","2"
"65905380","56","1","1","1"
"65905680","176","0","0","1"
"65909866","50","0","0","0"
"65914172","46","0","0","1"
"65916660","40","0","1","1"
"65917906","160","0","2","0"
"65924707","431","0","0","1"
"65925251","81","0","0","0"
"65925430","96","0","0","1"
"65927378","190","0","1","0"
"65928779","808","0","0","1"
"65929094","445","1","3","1"
"65937423","244","0","1","1"
"65942996","255","0","0","0"
"65944261","79","0","0","0"
"65944700","2886","0","2","2"
"65945115","145","0","0","3"
"65946704","204","1","0","1"
"65946777","141","0","0","0"
"65949957","534","1","1","2"
"65953108","304","0","1","1"
"65955742","285","1","2","1"
"65956260","152","0","0","0"
"65957197","2283","1","17","1"
"65966447","142","0","1","0"
"65966645","219","1","1","0"
"65970056","117","0","0","0"
"65974056","410","1","1","1"
"65976329","36","0","0","0"
"65978692","135","1","1","0"
"65983693","116","0","0","0"
"65988652","1028","1","2","1"
"65991198","150","0","0","1"
"65995578","261","1","1","0"
"65997950","432","0","0","1"
"65999737","49","0","0","0"
"66004394","68","0","1","0"
"66008058","291","0","1","2"
"66015923","170","0","0","0"
"66016394","31","0","0","1"
"66016833","73","0","5","1"
"66017161","1633","0","1","2"
"66018842","62","1","1","0"
"66025220","390","2","4","2"
"66027106","147","0","0","0"
"66031479","21","0","0","0"
"66037663","55","0","0","0"
"66045731","142","0","0","1"
"66051420","479","0","0","1"
"66052643","136","0","2","1"
"66054303","408","0","1","1"
"66055156","176","0","0","1"
"66055880","244","0","0","0"
"66059857","146","0","0","1"
"66068221","157","0","1","1"
"66071364","35","1","1","1"
"66072536","23","0","0","0"
"66073514","94","0","0","0"
"66077884","370","0","2","1"
"66085793","458","0","0","1"
"66088277","199","1","5","2"
"66097842","412","0","1","0"
"66102359","105","0","1","1"
"66107901","80","0","3","1"
"66110223","800","0","1","1"
"66113900","578","0","3","3"
"66115597","537","0","2","0"
"66116784","902","0","0","2"
"66116859","117","0","0","1"
"66117548","2583","0","2","1"
"66125945","60","0","0","0"
"66129469","1384","0","2","1"
"66134691","259","0","1","1"
"66135628","1218","0","1","0"
"66137419","703","3","4","1"
"66137624","26","1","0","0"
"66138018","109","0","1","1"
"66138393","323","0","2","0"
"66142872","357","0","0","1"
"66146725","273","0","1","2"
"66146840","209","0","1","1"
"66166628","565","0","2","3"
"66169649","194","0","0","1"
"66169784","119","0","0","0"
"66174071","802","0","3","1"
"66182837","30","0","0","0"
"66186864","21","0","0","0"
"66189106","57","0","0","1"
"66189570","30","0","0","0"
"66194973","24","0","0","1"
"66195744","62","0","1","0"
"66196058","42","0","0","1"
"66196840","64","0","0","0"
"66197007","175","0","0","2"
"66200047","77","0","1","0"
"66204705","160","0","0","1"
"66205695","35","0","0","0"
"66205887","572","0","1","1"
"66207678","243","0","0","0"
"66210309","202","0","1","0"
"66212897","111","0","0","0"
"66215077","57","0","0","0"
"66216251","392","0","0","0"
"66216530","363","0","0","1"
"66217774","142","0","4","1"
"66219558","26","0","0","0"
"66220922","37","0","0","0"
"66223428","308","0","1","2"
"66224168","34","0","0","0"
"66226038","100","0","0","1"
"66228097","116","1","1","0"
"66229891","44","0","0","0"
"66231107","288","1","4","1"
"66232137","195","0","0","1"
"66233125","143","0","0","0"
"66235852","67","0","0","1"
"66238026","152","0","0","1"
"66238146","914","0","2","2"
"66243310","72","0","0","2"
"66245156","35","0","0","0"
"66246460","218","0","0","1"
"66246590","204","0","0","1"
"66247090","36","0","0","1"
"66247264","3255","2","3","2"
"66249117","138","0","0","0"
"66249361","65","0","0","2"
"66250893","57","0","0","0"
"66253518","283","0","0","1"
"66257953","582","0","1","1"
"66261101","734","0","4","1"
"66261483","424","1","2","0"
"66263526","105","0","2","0"
"66269729","36","0","0","0"
"66269877","153","0","0","1"
"66272717","29","0","0","0"
"66273666","951","0","1","2"
"66273852","137","0","0","2"
"66283887","356","0","0","1"
"66289675","276","0","1","1"
"66290733","610","0","0","2"
"66292768","206","1","1","1"
"66292914","47","0","2","0"
"66302308","173","0","0","1"
"66303083","83","0","1","0"
"66303168","287","0","1","1"
"66303185","272","0","2","1"
"66307767","182","1","0","0"
"66308908","174","0","2","0"
"66316156","168","0","1","1"
"66317184","763","0","2","1"
"66319919","584","0","2","2"
"66328245","181","1","1","1"
"66330319","63","0","1","0"
"66331396","52","0","0","1"
"66332184","53","0","0","0"
"66334089","66","0","1","0"
"66335124","71","0","1","1"
"66335225","478","1","7","2"
"66343052","644","1","3","2"
"66345605","47","0","0","1"
"66346656","364","2","0","1"
"66347644","458","0","0","2"
"66348009","22","0","0","0"
"66349002","322","0","2","1"
"66349117","47","0","0","0"
"66350687","226","0","0","1"
"66358295","506","0","0","1"
"66358482","302","2","1","2"
"66358647","788","0","0","1"
"66359932","192","0","1","1"
"66363214","61","0","0","1"
"66369434","218","0","3","1"
"66371291","64","0","0","0"
"66373565","88","0","3","0"
"66373831","51","1","0","0"
"66381035","4931","2","7","2"
"66381595","1654","0","0","2"
"66391141","59","0","0","0"
"66392263","50","0","0","0"
"66393921","33","0","0","0"
"66395703","40","0","0","0"
"66398037","116","0","1","1"
"66398572","769","1","2","4"
"66401850","120","0","0","0"
"66406760","343","0","0","0"
"66406888","68","0","0","0"
"66415475","98","0","1","1"
"66416590","79","2","2","1"
"66421411","1799","1","3","2"
"66421994","58","0","0","1"
"66423780","218","1","1","1"
"66435055","230","0","0","0"
"66438446","286","0","0","1"
"66443640","41","0","0","0"
"66447777","308","0","0","1"
"66450348","207","0","0","2"
"66454054","30","0","0","1"
"66457324","36","0","0","0"
"66457800","46","0","0","0"
"66458906","1361","0","2","1"
"66466696","863","0","3","0"
"66467337","27","0","0","0"
"66467794","118","0","3","1"
"66469887","338","0","1","1"
"66477091","102","0","0","0"
"66478606","916","0","2","1"
"66486023","428","1","2","1"
"66488258","181","0","0","1"
"66488430","40","0","1","0"
"66491621","14","0","0","0"
"66492785","378","0","0","1"
"66495322","64","0","1","0"
"66495323","263","0","1","2"
"66496105","147","0","0","1"
"66502281","414","0","1","0"
"66507163","19","0","0","0"
"66508810","307","0","0","1"
"66510106","205","0","1","1"
"66511708","744","0","2","1"
"66515975","41","0","0","1"
"66516113","48","0","0","1"
"66517411","599","0","0","1"
"66518612","257","0","-1","2"
"66521958","1597","1","6","1"
"66524359","121","0","0","1"
"66525086","1007","2","1","2"
"66527460","120","0","0","0"
"66532645","129","0","1","0"
"66535956","234","1","2","1"
"66539322","220","0","0","0"
"66544585","26","0","0","0"
"66546286","668","0","2","1"
"66546714","51","0","0","0"
"66548023","42","0","0","0"
"66557019","27","0","0","0"
"66557588","21","0","0","0"
"66559077","63","0","0","1"
"66561239","93","0","0","1"
"66562876","230","0","1","1"
"66563656","62","0","0","1"
"66563672","448","2","4","1"
"66567784","24","0","0","1"
"66568117","196","0","0","1"
"66575640","81","1","1","0"
"66579641","143","0","0","1"
"66583099","591","0","2","2"
"66583467","64","0","0","0"
"66584315","369","0","3","1"
"66585031","271","0","0","1"
"66587949","9","0","0","0"
"66589282","136","0","0","1"
"66589988","69","0","0","0"
"66591209","39","0","0","0"
"66593382","924","1","0","2"
"66598412","572","0","0","0"
"66598692","282","0","4","1"
"66601165","71","0","2","1"
"66603038","80","0","0","0"
"66603423","15","0","0","0"
"66603902","215","0","0","1"
"66604678","61","0","0","0"
"66607157","14","0","0","0"
"66610588","137","0","0","1"
"66611288","21","0","0","0"
"66611873","60","0","0","0"
"66613362","767","0","2","1"
"66623802","43","0","0","0"
"66624295","82","0","0","0"
"66626814","4063","1","5","1"
"66630437","390","0","0","1"
"66631985","36","0","0","0"
"66642273","39","1","1","1"
"66643063","197","0","0","0"
"66648367","319","0","0","1"
"66653352","273","0","1","1"
"66658128","46","0","0","0"
"66659957","62","2","1","1"
"66660548","26","0","0","0"
"66676722","94","0","1","0"
"66681487","33","0","0","1"
"66684294","454","0","1","1"
"66685921","439","1","1","1"
"66687561","226","0","0","1"
"66688305","318","1","3","2"
"66688483","406","0","1","2"
"66688851","878","0","1","0"
"66689702","284","0","0","2"
"66691034","26","0","0","0"
"66693918","41","0","0","0"
"66695946","72","0","1","0"
"66697454","175","1","1","1"
"66697954","504","0","0","1"
"66697969","65","0","0","0"
"66699492","233","0","0","1"
"66699962","393","0","0","1"
"66700275","106","0","0","1"
"66701420","51","0","0","1"
"66701927","504","0","0","0"
"66704228","54","0","1","0"
"66704673","95","0","0","1"
"66706061","93","1","4","0"
"66706352","317","0","0","2"
"66714026","943","0","0","1"
"66715079","295","0","0","2"
"66721907","179","0","0","1"
"66724889","990","0","0","1"
"66729647","1109","1","1","1"
"66733076","460","0","4","1"
"66733563","226","0","0","2"
"66737751","221","0","0","0"
"66746952","96","0","1","1"
"66747359","427","2","0","1"
"66751567","76","0","1","1"
"66751618","60","0","0","0"
"66752048","20","0","0","1"
"66753418","258","0","1","1"
"66754147","396","2","3","0"
"66754821","91","0","0","1"
"66756072","72","0","0","1"
"66756106","70","0","0","0"
"66758734","549","0","1","0"
"66762605","573","0","1","1"
"66763353","370","1","1","1"
"66765243","69","0","1","0"
"66765867","108","0","0","0"
"66776491","194","0","0","1"
"66777963","25","0","0","0"
"66778190","58","0","0","0"
"66780631","93","0","0","1"
"66784776","183","0","0","0"
"66785552","137","0","1","1"
"66786189","317","0","2","1"
"66788888","163","0","0","1"
"66789302","390","0","0","0"
"66794178","301","0","1","1"
"66795753","71","0","0","0"
"66796448","123","2","2","0"
"66796770","21","0","0","0"
"66799998","241","1","0","0"
"66802438","118","0","0","0"
"66803967","190","0","1","1"
"66805391","350","0","2","1"
"66814486","37","0","0","1"
"66814886","81","0","0","0"
"66819932","62","0","0","1"
"66826065","231","2","1","1"
"66827663","84","0","0","0"
"66828572","72","0","0","1"
"66830251","127","0","0","0"
"66832975","40","0","0","0"
"66833537","272","0","0","1"
"66837666","39","0","0","0"
"66841349","63","0","1","0"
"66841566","247","0","0","1"
"66846368","1233","0","1","1"
"66846665","131","1","2","1"
"66850335","64","0","0","1"
"66853218","53","0","0","1"
"66853393","43","0","0","1"
"66853927","98","0","0","0"
"66854007","57","0","0","1"
"66855258","256","0","1","2"
"66856060","126","0","-1","1"
"66856876","429","2","4","1"
"66857224","286","0","1","0"
"66857244","264","0","0","1"
"66860510","192","0","2","1"
"66863763","175","1","1","1"
"66864090","74","0","1","0"
"66864720","198","0","0","1"
"66869407","34","0","0","0"
"66870002","305","0","1","1"
"66870072","82","0","0","1"
"66871691","42","0","0","0"
"66877085","343","0","0","1"
"66877730","206","0","0","1"
"66879178","170","0","0","0"
"66899758","1057","0","0","1"
"66909668","132","0","0","2"
"66910151","457","1","1","1"
"66912801","544","0","1","2"
"66915577","27","0","1","0"
"66916180","548","2","4","2"
"66919337","85","0","0","1"
"66924180","184","0","0","1"
"66924775","117","0","2","1"
"66929605","36","0","0","1"
"66932761","201","0","-2","1"
"66935834","127","0","0","1"
"66941026","608","0","0","1"
"66946732","527","0","1","1"
"66948900","1546","0","3","0"
"66949275","33","0","0","1"
"66951765","64","0","0","0"
"66959989","65","0","1","0"
"66962729","12","0","0","0"
"66963196","40","0","1","0"
"66963776","74","0","1","0"
"66966223","173","2","0","0"
"66967226","50","0","0","0"
"66970875","768","0","1","2"
"66974580","47","0","-1","1"
"66977221","51","0","1","0"
"66980052","60","0","1","0"
"66980682","52","0","0","1"
"66985039","191","0","1","0"
"66985250","299","0","0","1"
"66986900","127","0","0","1"
"66992201","304","0","1","0"
"66992758","257","0","0","1"
"66997213","76","0","0","0"
"66998192","94","0","0","0"
"66998479","68","0","0","0"
"66998799","806","0","1","1"
"66999146","84","0","0","1"
"66999246","87","0","0","1"
"67003653","189","0","0","0"
"67005890","119","0","0","0"
"67006662","67","0","1","1"
"67011793","32","0","0","0"
"67012053","326","0","0","0"
"67020684","35","0","0","0"
"67021631","79","1","2","0"
"67022531","276","0","0","0"
"67023441","1925","3","10","0"
"67024711","26","0","0","0"
"67028195","125","0","0","0"
"67030607","1349","1","3","1"
"67045823","23","0","0","0"
"67048134","93","0","1","0"
"67050295","620","0","0","1"
"67051915","272","0","0","1"
"67052324","406","1","1","1"
"67066522","23","0","0","0"
"67067050","140","3","1","1"
"67067410","162","0","1","0"
"67076431","42","0","0","1"
"67076668","59","0","0","1"
"67077120","304","1","3","1"
"67082761","175","0","1","0"
"67084550","37","0","0","1"
"67088899","65","0","0","1"
"67088986","99","0","0","1"
"67090610","172","0","1","1"
"67090945","20","0","1","0"
"67092147","86","0","0","0"
"67097457","14","0","0","0"
"67097661","35","0","0","1"
"67098007","23","0","0","0"
"67098364","191","1","3","0"
"67100971","34","0","1","1"
"67102804","467","0","0","0"
"67107602","215","1","7","1"
"67107607","900","1","8","1"
"67112383","49","0","0","0"
"67113188","325","0","0","1"
"67122316","173","0","0","2"
"67122591","142","0","0","1"
"67125551","20","0","0","0"
"67131269","2658","1","7","1"
"67132301","37","0","0","1"
"67132877","488","0","2","2"
"67134410","362","4","3","1"
"67136365","335","0","1","1"
"67136614","1550","1","4","1"
"67138255","197","1","1","1"
"67140126","212","0","0","0"
"67142548","346","0","1","1"
"67142805","56","0","0","0"
"67147401","69","0","1","2"
"67149135","41","0","0","1"
"67150314","404","1","0","1"
"67151675","318","0","2","0"
"67152446","92","0","0","1"
"67153831","25","0","0","1"
"67172951","181","0","0","1"
"67176580","16","0","0","0"
"67177665","120","2","3","1"
"67179571","60","0","1","0"
"67181758","256","1","2","0"
"67183273","104","0","1","1"
"67184368","301","3","11","2"
"67189941","226","0","1","1"
"67197503","46","0","0","0"
"67198124","127","0","1","0"
"67198430","31","0","0","1"
"67203775","16","0","0","0"
"67205529","20","0","0","0"
"67205769","1227","0","0","1"
"67205920","40","0","0","1"
"67214847","30","0","1","0"
"67215163","40","0","1","1"
"67215988","106","0","1","1"
"67216702","15","0","0","0"
"67216948","244","0","0","2"
"67218627","873","0","0","0"
"67218932","55","0","0","0"
"67220622","37","0","0","0"
"67220745","437","0","1","1"
"67225772","116","0","0","2"
"67231657","179","0","2","1"
"67232614","27","0","0","1"
"67233287","56","0","0","1"
"67235281","55","0","0","1"
"67236520","52","0","0","1"
"67237408","414","0","0","1"
"67238800","99","0","0","0"
"67240293","161","0","5","2"
"67245306","59","0","1","0"
"67245541","209","0","0","1"
"67246548","150","0","0","0"
"67247752","169","0","1","1"
"67256956","801","0","0","1"
"67257142","98","0","0","1"
"67265597","29","0","-1","1"
"67266394","47","0","0","0"
"67268853","40","0","0","0"
"67269674","35","0","0","1"
"67269790","96","0","0","0"
"67272903","359","0","0","1"
"67274198","41","0","0","0"
"67277159","58","0","0","2"
"67283976","702","0","1","1"
"67286517","53","0","0","0"
"67288526","487","0","1","1"
"67291009","46","0","0","1"
"67295639","32","0","0","1"
"67295803","74","0","0","0"
"67296563","485","0","2","1"
"67298906","143","0","1","0"
"67299006","91","0","1","2"
"67299058","333","0","2","1"
"67302866","413","0","0","0"
"67307001","711","1","9","2"
"67310163","89","0","0","0"
"67317619","231","0","0","0"
"67317620","392","0","1","1"
"67319669","24","0","0","1"
"67326858","230","0","0","1"
"67330220","231","0","0","1"
"67330789","150","0","0","0"
"67333275","163","0","1","1"
"67335915","63","0","0","0"
"67340283","66","0","0","0"
"67341811","43","0","0","0"
"67342840","100","0","0","0"
"67343308","105","0","1","0"
"67343466","21","0","0","1"
"67343722","252","0","1","1"
"67344181","281","0","0","2"
"67344342","44","0","-1","1"
"67347360","59","0","0","1"
"67347646","40","0","0","0"
"67348057","35","0","0","1"
"67349260","43","0","0","1"
"67353453","127","1","0","0"
"67359225","126","0","0","1"
"67361592","87","1","1","1"
"67368005","747","0","3","1"
"67368724","1089","1","4","1"
"67368832","177","0","1","1"
"67377747","23","0","0","0"
"67385568","474","0","2","1"
"67386533","49","0","0","2"
"67386920","37","0","1","0"
"67386986","170","0","0","0"
"67387808","22","0","0","0"
"67389728","97","0","0","1"
"67389957","222","0","1","1"
"67404703","294","0","0","2"
"67405123","55","0","0","1"
"67407782","57","0","0","0"
"67412139","61","0","0","0"
"67417989","179","0","1","0"
"67426632","317","2","3","0"
"67430449","61","0","0","1"
"67431624","145","2","7","1"
"67432420","117","1","1","1"
"67434351","33","0","0","0"
"67435532","51","0","0","1"
"67438059","679","0","0","1"
"67438243","30","1","1","0"
"67438872","48","0","2","1"
"67439819","112","0","1","1"
"67440780","153","0","0","1"
"67453059","29","0","0","0"
"67453640","63","0","0","0"
"67453792","67","0","1","0"
"67454699","102","1","0","0"
"67456551","36","0","0","1"
"67457510","199","0","0","2"
"67468108","53","0","0","0"
"67470928","204","0","1","1"
"67472935","59","0","0","0"
"67474915","74","0","0","0"
"67475914","255","0","0","0"
"67486910","927","1","5","1"
"67487141","22","0","0","0"
"67488957","466","0","1","1"
"67492037","17","0","0","0"
"67493996","173","0","0","1"
"67494391","17","0","0","0"
"67496347","368","1","1","1"
"67496398","60","0","0","1"
"67500080","346","0","0","1"
"67501652","180","0","2","0"
"67503656","1299","0","1","1"
"67507373","238","2","3","1"
"67509818","345","2","2","1"
"67513862","63","0","0","1"
"67516571","705","0","0","1"
"67516898","382","0","0","1"
"67523882","493","1","0","1"
"67531606","372","1","1","1"
"67534086","67","0","0","1"
"67534479","110","0","0","1"
"67534499","35","0","1","0"
"67538504","279","1","1","0"
"67540626","197","0","2","1"
"67541901","97","0","0","0"
"67543422","122","1","2","0"
"67543706","44","2","1","1"
"67546814","53","0","0","0"
"67547801","278","0","0","1"
"67549322","435","0","0","1"
"67549374","91","0","2","0"
"67550727","725","0","2","1"
"67551682","21","0","0","0"
"67551858","195","0","0","0"
"67553676","8","0","0","0"
"67554351","121","0","2","1"
"67559294","22","0","0","0"
"67563517","430","0","1","1"
"67569030","65","0","0","0"
"67577655","71","0","0","1"
"67586339","40","0","0","0"
"67589973","42","0","0","0"
"67590847","165","2","5","1"
"67591231","59","0","0","1"
"67592818","331","0","3","1"
"67593012","34","0","1","1"
"67594211","258","0","0","1"
"67603580","110","0","0","1"
"67604004","26","0","0","0"
"67604963","242","0","1","0"
"67608583","51","1","0","0"
"67608874","165","0","1","0"
"67610344","57","0","2","1"
"67615130","41","0","0","0"
"67618610","47","0","0","0"
"67619624","312","0","1","2"
"67625230","30","0","1","0"
"67627508","1710","0","1","1"
"67630726","39","1","0","0"
"67634105","63","0","0","0"
"67636290","183","0","2","1"
"67637494","129","0","0","0"
"67638634","36","0","0","0"
"67641175","907","0","1","0"
"67642494","32","0","0","0"
"67643381","121","0","1","1"
"67645636","100","0","2","1"
"67646076","30","0","1","1"
"67646919","30","0","0","0"
"67648319","85","0","0","1"
"67648714","27","0","0","0"
"67650465","223","1","4","0"
"67653504","214","0","1","1"
"67654563","51","0","0","1"
"67655302","9","0","0","0"
"67661510","50","0","0","0"
"67665951","243","0","3","1"
"67667472","29","1","2","1"
"67668006","17","1","1","1"
"67670059","49","0","0","1"
"67670107","84","0","1","0"
"67670801","441","0","1","2"
"67676071","19","0","0","0"
"67681495","68","0","0","0"
"67684764","21","0","1","0"
"67685075","20","0","0","0"
"67686405","181","0","2","0"
"67687525","71","0","0","1"
"67700734","34","0","0","0"
"67703161","664","0","0","1"
"67703196","29","0","0","0"
"67704057","24","0","0","0"
"67705374","53","0","0","1"
"67707244","264","0","1","1"
"67707313","175","0","0","1"
"67709439","42","0","0","0"
"67710879","47","0","2","1"
"67713132","68","0","0","0"
"67716915","317","0","0","0"
"67717380","207","0","0","1"
"67718133","321","1","3","1"
"67719316","13","0","0","0"
"67719416","428","0","1","2"
"67720527","366","0","2","1"
"67721399","205","0","0","1"
"67721852","26","0","0","1"
"67724715","169","0","0","1"
"67729309","15","0","0","0"
"67730212","63","1","0","0"
"67731610","185","0","0","0"
"67733762","132","0","1","1"
"67741689","95","0","0","0"
"67743583","34","0","0","1"
"67748017","60","1","2","1"
"67751378","46","0","0","0"
"67754606","328","0","0","1"
"67756549","21","0","0","0"
"67758104","43","0","0","0"
"67758241","105","2","2","1"
"67760308","41","0","0","0"
"67761765","128","0","0","1"
"67770726","297","0","0","1"
"67772610","18","0","0","0"
"67773964","156","0","0","1"
"67774480","11","0","0","0"
"67779861","43","0","2","1"
"67786526","45","0","0","0"
"67788581","46","0","0","0"
"67791130","124","0","1","0"
"67791438","96","0","1","0"
"67794007","112","1","2","0"
"67800532","64","0","0","1"
"67800998","95","0","1","1"
"67801736","42","0","0","0"
"67804286","33","0","0","1"
"67807769","66","0","0","0"
"67807939","43","0","0","0"
"67812895","192","0","0","1"
"67820855","112","0","1","0"
"67822339","54","0","-1","2"
"67826558","292","0","0","1"
"67831018","819","1","2","1"
"67836184","240","0","0","1"
"67838995","35","0","0","0"
"67843851","49","0","3","0"
"67844111","116","0","0","1"
"67852373","75","0","0","0"
"67857159","53","0","1","0"
"67858974","135","0","1","1"
"67861379","979","1","3","4"
"67862219","320","0","0","0"
"67865682","117","1","0","1"
"67868483","109","0","0","0"
"67868501","440","1","5","1"
"67873508","187","0","2","1"
"67874911","161","0","1","0"
"67876177","852","0","1","2"
"67878177","151","0","0","2"
"67878937","12","0","0","1"
"67879897","67","0","1","1"
"67888463","553","0","0","1"
"67890631","138","0","2","2"
"67892543","50","0","0","0"
"67893942","40","0","1","0"
"67901574","59","0","0","0"
"67909742","68","1","1","0"
"67914388","28","0","1","0"
"67916981","276","0","0","1"
"67919005","43","0","0","0"
"67919168","70","0","0","0"
"67920922","27","0","1","0"
"67921555","18","0","0","0"
"67924271","96","0","0","0"
"67928075","90","3","1","0"
"67928270","23","0","0","0"
"67928356","70","0","0","0"
"67930876","91","1","2","1"
"67932502","19","1","1","0"
"67932898","113","0","0","1"
"67935703","25","0","0","0"
"67935975","753","2","2","1"
"67937238","235","0","0","1"
"67937964","53","0","0","0"
"67940141","40","0","0","0"
"67941070","168","0","0","1"
"67941770","200","0","0","1"
"67944625","34","0","1","1"
"67946370","43","0","0","1"
"67949370","367","0","0","1"
"67957150","210","0","0","1"
"67958585","17","0","0","0"
"67958713","145","0","0","1"
"67959657","70","0","1","1"
"67964110","2014","11","11","2"
"67972124","114","0","1","1"
"67973057","66","1","2","2"
"67974780","178","1","0","1"
"67975586","85","0","1","1"
"67984172","266","0","1","1"
"67984307","19","0","0","1"
"67989505","100","1","3","0"
"67990327","15","0","0","0"
"67994362","43","0","0","0"
"67996191","785","0","2","2"
"67996484","700","0","2","1"
"67999224","117","0","0","0"
"68005219","160","3","2","1"
"68005401","30","0","0","0"
"68007351","48","0","0","1"
"68008181","133","2","2","1"
"68011071","177","2","0","1"
"68012948","231","0","1","0"
"68014479","23","0","0","0"
"68015400","77","0","0","0"
"68015878","44","1","0","0"
"68016074","161","0","0","2"
"68017828","27","0","0","0"
"68018990","128","0","0","1"
"68019263","47","0","0","1"
"68019866","331","0","1","1"
"68027331","277","0","1","1"
"68032967","96","1","1","0"
"68033055","46","0","0","1"
"68033557","32","0","0","1"
"68034362","95","0","0","1"
"68043974","67","0","1","0"
"68044452","282","0","0","1"
"68045615","45","0","1","1"
"68046269","184","0","0","1"
"68046543","69","0","0","0"
"68048236","150","0","0","1"
"68048790","48","0","0","1"
"68049266","33","0","0","0"
"68056394","14","0","1","1"
"68057009","76","0","0","0"
"68057744","983","0","1","2"
"68058223","74","0","0","1"
"68060611","225","0","0","0"
"68061051","449","0","1","1"
"68061854","53","0","0","0"
"68068842","21","0","0","1"
"68070211","57","0","0","1"
"68077956","350","0","1","0"
"68078004","169","1","0","1"
"68081067","166","2","2","1"
"68088717","29","0","0","0"
"68088974","78","0","0","1"
"68089713","20","0","0","0"
"68092207","14","0","0","1"
"68092868","68","0","0","1"
"68095586","346","0","0","1"
"68095682","21","1","0","0"
"68102387","30","0","0","0"
"68105083","30","0","0","0"
"68105988","48","0","0","0"
"68108398","39","0","1","0"
"68110013","58","0","2","1"
"68117645","98","0","0","1"
"68118847","18","0","1","0"
"68119012","37","0","0","1"
"68119274","90","0","2","1"
"68121779","145","0","0","1"
"68132791","930","3","3","2"
"68133367","76","0","0","1"
"68133628","16","0","0","1"
"68135266","173","1","3","2"
"68136219","210","0","1","1"
"68141551","111","0","0","1"
"68143486","46","0","0","1"
"68147899","53","1","1","1"
"68150342","64","0","0","2"
"68156787","228","1","1","1"
"68157492","144","1","1","1"
"68161297","24","0","-1","1"
"68161639","359","0","1","1"
"68163287","22","0","0","0"
"68165224","176","0","0","1"
"68167470","51","1","0","0"
"68168065","40","1","1","0"
"68168185","13","0","1","0"
"68169062","117","0","0","1"
"68169901","144","0","0","1"
"68178541","35","0","1","0"
"68179427","25","0","1","0"
"68179665","30","0","0","1"
"68182694","78","1","2","0"
"68187987","289","0","3","1"
"68188503","18","0","0","1"
"68192755","30","0","0","1"
"68195161","457","0","0","0"
"68200671","86","0","0","0"
"68206464","416","2","6","2"
"68208870","30","0","0","1"
"68211116","102","0","0","1"
"68211182","339","0","1","1"
"68213796","54","0","0","0"
"68222145","39","1","1","0"
"68223024","110","0","2","1"
"68227475","47","0","0","0"
"68229358","134","0","0","1"
"68229897","19","0","0","0"
"68232076","34","0","0","1"
"68232729","114","0","0","1"
"68233283","107","0","1","0"
"68233506","39","0","0","0"
"68234568","173","0","0","1"
"68243295","35","0","0","1"
"68244484","36","0","2","1"
"68245374","21","0","0","0"
"68247476","42","0","0","1"
"68247568","52","0","0","2"
"68249660","33","0","0","0"
"68253588","61","0","0","0"
"68253745","64","0","0","0"
"68253908","21","0","1","0"
"68254741","33","0","0","0"
"68255301","272","0","1","1"
"68257594","45","0","0","1"
"68259843","37","0","1","1"
"68260307","42","0","0","1"
"68260403","46","0","0","0"
"68260575","30","0","0","0"
"68262326","48","0","0","0"
"68268535","57","0","0","1"
"68269467","52","0","0","1"
"68272303","162","0","0","0"
"68275321","588","2","2","1"
"68277482","134","1","0","0"
"68277818","155","0","0","2"
"68280928","124","1","0","0"
"68283463","256","0","0","1"
"68288165","58","0","0","0"
"68292638","63","0","0","1"
"68292797","53","0","0","1"
"68296874","60","0","0","3"
"68297311","32","0","0","0"
"68299251","19","0","0","1"
"68300066","26","0","0","1"
"68301338","60","0","0","1"
"68303446","100","0","0","0"
"68303502","22","0","2","1"
"68304859","40","0","0","0"
"68304888","17","0","0","0"
"68310886","257","0","1","2"
"68316957","85","0","4","1"
"68317233","137","0","1","1"
"68322599","124","0","0","1"
"68327652","391","0","0","1"
"68336078","42","0","0","1"
"68346302","130","0","1","3"
"68349031","31","0","0","1"
"68351321","18","0","0","1"
"68355482","29","0","1","1"
"68355527","76","0","0","0"
"68356013","189","0","1","1"
"68356181","145","1","2","2"
"68359149","28","0","0","0"
"68359168","34","0","0","0"
"68361541","17","0","0","0"
"68362326","42","0","1","0"
"68362490","86","0","1","1"
"68362775","26","0","0","1"
"68364158","16","0","0","0"
"68364497","17","0","0","0"
"68367043","213","0","1","1"
"68367787","76","0","0","1"
"68372063","20","0","0","1"
"68373383","71","0","0","1"
"68373884","48","0","0","0"
"68374658","16","0","0","1"
"68378046","16","0","0","0"
"68378122","34","1","0","0"
"68379970","69","0","0","1"
"68381640","476","0","1","1"
"68382898","98","0","-1","2"
"68383826","208","0","1","0"
"68384344","50","1","1","1"
"68386925","19","0","0","0"
"68388484","253","1","1","2"
"68393727","51","0","0","0"
"68394954","66","0","0","1"
"68396142","40","0","0","0"
"68399221","68","2","5","1"
"68400122","11","0","0","0"
"68400719","45","0","1","0"
"68400810","7","0","0","0"
"68403494","166","0","1","0"
"68407608","129","0","0","1"
"68407938","121","0","0","1"
"68410854","126","0","0","1"
"68412805","32","0","0","1"
"68412832","170","1","1","1"
"68415118","40","0","0","1"
"68415575","113","0","0","1"
"68418857","246","0","0","1"
"68420978","67","0","0","0"
"68422510","118","0","1","0"
"68425655","34","0","0","0"
"68427503","36","0","0","1"
"68430171","19","0","0","1"
"68435485","39","0","0","2"
"68439803","131","0","0","1"
"68440447","20","0","0","0"
"68441903","61","0","0","1"
"68442666","27","1","2","0"
"68443892","41","0","1","0"
"68446340","84","0","0","2"
"68446483","20","0","0","1"
"68448103","16","0","0","0"
"68450173","63","0","0","1"
"68452857","115","0","0","0"
"68453615","52","0","2","0"
"68453762","144","0","0","1"
"68458188","207","0","0","1"
"68460667","65","0","0","0"
"68462262","27","0","0","1"
"68464192","50","0","1","0"
"68465017","22","0","1","0"
"68467975","34","0","1","1"
"68468306","47","0","0","0"
"68469933","20","0","0","1"
"68470162","512","0","2","2"
"68472899","40","0","0","0"
"68478949","77","0","0","0"
"68479246","45","0","1","1"
"68480591","91","0","-1","1"
"68481414","37","0","1","1"
"68481561","53","0","1","0"
"68483660","16","0","1","0"
"68486870","31","0","2","1"
"68487345","222","0","0","1"
"68487892","85","0","0","0"
"68488039","62","0","0","0"
"68488143","145","0","0","1"
"68489194","54","0","0","0"
"68490228","39","0","0","0"
"68490668","206","0","1","0"
"68491523","66","0","0","0"
"68493813","67","0","0","0"
"68500021","318","0","0","1"
"68501902","93","0","0","1"
"68505380","47","0","1","0"
"68505719","57","2","2","1"
"68507921","53","0","0","0"
"68509300","47","0","0","2"
"68511929","11","0","0","0"
"68516559","2553","0","15","3"
"68520724","38","0","1","0"
"68521637","29","0","0","0"
"68521765","83","0","1","1"
"68522393","266","0","0","1"
"68524015","80","0","1","0"
"68527897","634","1","1","3"
"68528006","23","0","0","1"
"68534065","35","0","1","0"
"68537148","13","0","1","0"
"68540236","66","1","-4","2"
"68541016","73","1","0","1"
"68542499","32","0","1","0"
"68545887","90","0","2","1"
"68548158","57","0","0","1"
"68548344","161","0","1","2"
"68548671","50","0","0","1"
"68549572","440","0","0","1"
"68553164","79","0","1","1"
"68553401","34","3","2","1"
"68557487","58","0","0","1"
"68562528","109","0","0","2"
"68570216","17","0","0","0"
"68570247","45","0","0","1"
"68573888","24","0","0","0"
"68575130","225","0","2","2"
"68578638","70","0","1","1"
"68578816","31","0","0","0"
"68580506","94","0","0","1"
"68581660","14","0","0","0"
"68581863","163","0","1","0"
"68584430","14","0","0","0"
"68590575","172","0","0","2"
"68592304","27","1","1","0"
"68595105","38","0","0","0"
"68597539","87","0","0","1"
"68598455","20","0","0","1"
"68598910","22","0","0","1"
"68601763","29","0","0","0"
"68603006","259","0","0","0"
"68607702","198","0","0","1"
"68608324","71","0","0","1"
"68610772","44","0","0","2"
"68610899","58","0","0","0"
"68614368","108","0","0","0"
"68615277","29","0","0","0"
"68621642","35","0","0","0"
"68621961","180","0","0","0"
"68623186","53","0","0","1"
"68627451","106","0","1","0"
"68627812","86","0","1","1"
"68628352","66","0","0","1"
"68629971","115","1","3","1"
"68630496","40","0","0","0"
"68630986","92","1","1","1"
"68633485","325","1","0","1"
"68634476","69","0","0","0"
"68634487","101","0","0","0"
"68635370","54","0","1","1"
"68638901","60","0","0","0"
"68639588","53","0","0","2"
"68640102","139","1","0","1"
"68642739","42","0","0","0"
"68643564","115","0","2","1"
"68644905","79","0","3","0"
"68650040","49","0","0","1"
"68651777","15","0","0","0"
"68652681","179","0","0","0"
"68653951","150","0","1","0"
"68659555","15","0","0","1"
"68659578","36","2","0","1"
"68660069","14","0","1","0"
"68660589","25","0","1","2"
"68662824","26","0","0","0"
"68662833","148","0","0","0"
"68665288","28","0","0","0"
"68665919","44","0","0","1"
"68666629","22","0","0","1"
"68670027","94","0","0","1"
"68680491","20","2","0","1"
"68681029","16","0","0","1"
"68681481","46","0","0","0"
"68682406","197","0","1","1"
"68688109","32","0","0","0"
"68688650","20","0","0","0"
"68691293","58","0","0","1"
"68692017","87","0","1","1"
"68692337","56","0","0","1"
"68695525","55","0","1","0"
"68697730","16","0","0","0"
"68703650","89","0","0","1"
"68704314","58","0","0","0"
"68705337","37","0","0","1"
"68705363","23","0","0","1"
"68706014","169","0","0","1"
"68708792","27","0","0","0"
"68709556","58","0","1","0"
"68710242","20","0","0","1"
"68713456","22","0","0","0"
"68715190","57","0","0","0"
"68716831","113","0","0","0"
"68719241","21","0","0","0"
"68720211","76","0","0","0"
"68722381","29","0","0","0"
"68723108","11","0","0","0"
"68726513","17","0","0","0"
"68727457","23","0","0","0"
"68728013","23","0","0","0"
"68731981","117","0","0","1"
"68732050","42","0","0","0"
"68732881","80","0","0","1"
"68737385","85","1","2","2"
"68738991","72","0","0","0"
"68742555","40","0","0","1"
"68743627","16","0","0","0"
"68744017","43","1","1","0"
"68745429","27","0","0","1"
"68749487","14","0","0","0"
"68753514","43","0","-1","1"
"68754709","172","0","1","1"
"68756569","32","0","1","1"
"68757416","74","0","0","1"
"68759500","117","0","0","1"
"68759913","57","0","0","1"
"68759990","139","1","5","1"
"68760787","40","0","0","1"
"68761153","19","0","0","0"
"68761615","21","0","0","0"
"68766725","128","0","0","1"
"68767043","45","1","2","0"
"68774060","65","0","1","1"
"68775512","28","0","0","0"
"68775859","37","0","0","0"
"68777354","169","0","2","1"
"68781414","70","0","0","1"
"68784052","36","0","1","1"
"68786435","77","0","1","1"
"68787064","26","1","0","0"
"68787117","27","0","0","1"
"68787401","38","0","1","1"
"68787460","31","0","0","0"
"68787542","14","0","0","0"
"68793036","33","0","0","0"
"68793822","34","0","0","0"
"68794334","86","0","0","0"
"68795647","198","1","1","1"
"68800915","34","0","1","0"
"68802042","79","0","0","0"
"68802405","46","0","0","0"
"68802802","25717","4","77","2"
"68804462","41","0","0","1"
"68804484","36","0","1","0"
"68805001","36","0","0","1"
"68808854","74","0","0","1"
"68811035","70","0","0","0"
"68812228","112","0","0","1"
"68814071","102","0","0","2"
"68814820","27","0","0","0"
"68825333","75","0","0","1"
"68825992","55","0","0","1"
"68826168","22","0","0","0"
"68826854","42","0","0","0"
"68830439","123","0","1","1"
"68830885","56","0","1","1"
"68831719","20","0","0","1"
"68832209","50","0","0","1"
"68833167","48","0","1","2"
"68837404","49","0","0","1"
"68844666","131","0","2","0"
"68844796","25","0","0","0"
"68848130","63","0","0","0"
"68848296","41","0","1","1"
"68848813","148","0","0","1"
"68849506","50","0","0","0"
"68850682","34","0","0","0"
"68852062","64","0","1","2"
"68854649","33","0","0","0"
"68859843","35","0","0","1"
"68860511","66","1","1","1"
"68863034","49","0","0","1"
"68865334","66","0","1","1"
"68869010","49","0","0","1"
"68873088","128","1","2","2"
"68875124","43","0","0","1"
"68876034","65","0","1","0"
"68882451","55","0","3","1"
"68882674","25","0","-1","1"
"68884868","15","0","0","0"
"68884974","169","0","1","2"
"68887414","65","0","0","1"
"68887428","50","0","0","1"
"68890603","20","0","0","0"
"68890835","80","0","0","1"
"68891029","47","0","1","0"
"68892036","16","0","0","0"
"68892108","12","1","1","0"
"68893439","23","0","0","0"
"68896173","52","0","0","0"
"68897598","16","0","0","0"
"68901420","24","0","0","0"
"68903256","74","2","4","1"
"68904565","37","0","0","1"
"68908832","167","0","0","0"
"68909767","34","0","1","1"
"68911848","31","0","0","1"
"68912645","30","0","0","1"
"68915774","18","0","0","1"
"68917546","203","1","3","1"
"68924533","17","0","0","0"
"68924608","49","0","1","1"
"68926684","54","0","0","0"
"68926834","40","0","0","0"
"68928595","24","1","0","1"
"68929203","98","0","0","1"
"68929811","77","0","-1","2"
"68931179","99","0","0","1"
"68932854","103","0","1","1"
"68934041","25","0","0","1"
"68934245","78","0","0","0"
"68935171","66","0","0","0"
"68938010","206","0","0","1"
"68938339","66","0","1","0"
"68938451","40","0","-1","1"
"68939160","25","0","1","0"
"68940030","150","0","0","1"
"68940038","60","0","0","1"
"68941461","23","0","0","0"
"68944807","34","1","0","0"
"68945123","15","0","0","0"
"68945610","90","2","3","2"
"68949223","135","1","2","1"
"68949440","23","0","0","0"
"68950823","130","0","1","1"
"68953355","26","1","0","0"
"68955577","26","0","0","0"
"68956001","17","0","1","0"
"68956334","21","0","1","1"
"68956675","36","0","0","1"
"68959227","79","0","1","1"
"68960179","42","0","0","1"
"68960241","65","0","0","1"
"68967564","31","0","-1","1"
"68967708","26","0","0","0"
"68978306","60","0","2","1"
"68984138","24","0","0","0"
"68984733","124","1","-4","1"
"68987414","105","1","1","0"
"68990281","34","0","0","1"
"68994484","53","0","0","1"
"68995248","117","0","0","1"
"68995356","20","0","1","1"
"68995696","64","0","0","0"
"68997002","30","0","0","1"
"68999757","38","0","2","1"
"69000648","17","0","0","0"
"69003444","32","0","0","0"
"69004608","16","0","1","0"
"69004673","17","0","3","1"
"69005490","61","0","0","0"
"69005895","59","0","0","1"
"69006482","122","0","2","1"
"69009239","43","0","1","1"
"69011832","17","0","0","1"
"69014742","408","1","4","3"
"69015886","45","0","1","1"
"69017410","18","0","0","0"
"69020330","9","0","0","0"
"69020880","23","0","0","0"
"69023226","35","0","0","1"
"69024001","24","0","2","0"
"69028429","17","0","0","1"
"69034292","339","1","1","1"
"69039346","12","0","0","0"
"69040672","81","0","0","1"
"69043259","84","0","1","2"
"69048923","32","0","1","1"
"69049182","1046","0","-4","2"
"69049398","28","0","0","0"
"69049435","33","0","-1","1"
"69049802","12","0","0","0"
"69049813","103","1","1","0"
"69049948","13","0","0","0"
"69053786","29","0","0","1"
"69055301","43","0","0","0"
"69057720","61","0","0","1"
"69062439","65","0","0","1"
"69063452","23","0","0","1"
"69066727","49","1","0","1"
"69068467","15","0","0","0"
"69070244","26","0","0","0"
"69070676","50","0","0","0"
"69070754","51","3","2","1"
"69072795","89","0","4","2"
"69076098","82","1","2","1"
"69082517","57","0","0","0"
"69083341","23","0","0","0"
"69084382","9","0","0","0"
"69087066","20","0","0","0"
"69088200","13","0","0","0"
"69095007","63","0","1","1"
"69097834","57","0","0","1"
"69097936","26","0","0","0"
"69099977","53","0","1","1"
"69104105","15","0","0","0"
"69105449","30","0","0","0"
"69106615","22","0","0","1"
"69107683","41","0","0","1"
"69108029","19","0","2","0"
"69108420","81","0","0","1"
"69108593","86","0","0","1"
"69110361","30","0","1","0"
"69110525","93","1","1","1"
"69111009","24","1","2","1"
"69115785","21","2","1","0"
"69116806","117","0","0","2"
"69117730","21","0","0","0"
"69118749","485","0","3","2"
"69124354","12","0","0","0"
"69124563","25","1","1","0"
"69124620","39","0","0","0"
"69124996","23","0","0","0"
"69126323","126","1","2","0"
"69131314","29","0","2","0"
"69131768","10","0","0","0"
"69133739","94","1","1","2"
"69138480","29","0","0","2"
"69143590","51","0","0","1"
"69145775","27","0","2","1"
"69148699","18","0","0","0"
"69149159","72","0","1","0"
"69151603","24","0","1","2"
"69152667","21","0","0","1"
"69155519","30","0","-1","1"
"69156213","33","1","1","2"
"69156692","42","0","0","2"
"69156815","32","1","1","1"
"69157604","65","0","0","2"
"69160360","9","0","0","0"
"69160610","115","0","0","0"
"69162554","20","0","0","0"
"69164423","12","0","0","2"
"69166054","65","0","0","2"
"69167493","20","0","1","1"
"69167656","64","0","0","1"
"69169371","20","0","0","1"
"69174677","38","0","1","1"
"69177488","62","0","0","1"
"69177861","19","0","0","0"
"69178167","56","0","1","2"
"69182773","89","0","1","1"
"69185496","34","0","0","0"
"69189261","132","1","6","0"
"69190412","9","0","0","1"
"69190474","13","1","1","0"
"69190854","60","1","0","1"
"69193883","30","0","0","0"
"69198455","14","0","0","0"
"69198734","23","0","1","2"
"69198886","58","0","0","1"
"69203588","20","0","0","0"
"69203666","23","0","0","1"
"69204872","55","0","0","1"
"69210606","17","0","-1","1"
"69211469","15","0","0","0"
"69211983","32","0","0","1"
"69213522","19","0","0","1"
"69220694","33","0","0","1"
"69223474","13","0","0","0"
"69225852","120","0","0","1"
"69239179","22","0","0","1"
"69241264","33","0","-2","1"
"69241780","32","0","0","1"
"69243571","305","1","4","2"
"69247059","15","0","0","0"
"69250165","30","0","0","1"
"69250994","132","0","4","2"
"69252289","51","0","1","0"
"69252759","29","1","1","0"
"69257912","57","0","0","1"
"69259432","11","0","0","1"
"69260105","34","0","0","1"
"69260199","14","0","0","0"
"69260761","27","1","1","1"
"69261030","25","0","0","0"
"69276890","68","0","0","0"
"69284830","76","0","4","0"
"69289306","16","0","0","0"
"69290334","13","1","1","0"
"69292293","29","0","0","1"
"69293143","10","0","0","0"
"69293746","40","0","2","0"
"69294127","62","0","2","1"
"69296314","180","0","-1","0"
"69299283","17","0","0","1"
"69299781","38","0","2","1"
"69300452","21","1","1","0"
"69305335","31","1","1","0"
"69309694","48","0","0","1"
"69309892","17","2","2","0"
"69312878","9","0","0","0"
"69313079","31","2","0","0"
"69314615","88","0","0","2"
"69316044","20","0","0","1"
"69319459","19","0","0","0"
"69320655","15","0","0","0"
"69334382","47","0","1","1"
"69340880","54","0","3","2"
"69342978","20","0","0","1"
"69343233","33","0","-1","1"
"69343777","23","0","0","0"
"69348532","8","0","0","0"
"69349455","27","0","0","0"
"69349971","13","1","1","1"
"69350407","41","0","0","0"
"69352459","22","0","0","1"
"69353957","14","0","0","1"
"69354003","14","0","2","1"
"69355813","30","2","2","0"
"69355901","53","0","0","0"
"69358222","16","0","0","0"
"69358671","28","0","0","0"
"69360853","24","0","0","1"
"69362490","26","0","0","0"
"69362857","18","0","0","1"
"69365200","37","0","0","0"
"69365961","13","0","0","1"
"69366541","25","0","0","0"
"69366700","29","0","0","1"
"69367413","421","0","-1","1"
"69368262","72","0","0","1"
"69369569","48","0","0","2"
"69371376","22","0","0","1"
"69372186","8","0","0","1"
"69372311","20","0","0","0"
"69376112","17","0","-1","0"
"69381406","58","0","0","1"
"69384549","19","0","0","0"
"69385940","37","0","0","0"
"69385983","16","0","0","0"
"69387276","30","1","2","1"
"69388161","36","0","0","1"
"69388466","11","0","0","0"
"69389111","13","0","0","1"
"69390914","39","0","1","1"
"69391195","28","0","0","1"
"69392853","37","0","2","1"
"69393787","30","0","0","1"
"69395116","22","0","0","0"
"69395240","26","0","0","0"
"69395660","25","2","1","1"
"69396004","70","0","4","1"
"69396229","23","0","0","1"
"69397166","11","0","0","0"
"69399814","29","0","1","1"
"70192880","326","1","1","2"
